District,Commodity,Arrival_Date,Modal_Price,min_price_zero_flag,is_outlier_iqr,records_aggregated,Year,Month,DayOfWeek,WeekOfYear,Quarter,lag_1,lag_3,lag_7,lag_14,lag_21,lag_30,rolling_mean_7,rolling_mean_30,rolling_std_7,rolling_std_30,days_since_last_observation,month_sin,month_cos,dow_sin,dow_cos,price_change_1d,price_change_7d,price_change_30d
Ariyalur,Banana - Green,2026-01-29,3800.0,False,False,1.0,2026.0,1.0,3.0,5.0,1.0,3800.0,3750.0,3750.0,3750.0,3800.0,3750.0,3766.6666666666665,3719.6428571428573,25.819888974716083,148.03608526194182,1.0,0.49999999999999994,0.8660254037844387,0.43388373911755823,-0.900968867902419,0.0,0.013333333333333334,0.013333333333333334
Ariyalur,Pumpkin,2026-03-01,2200.0,False,False,2.0,2026.0,3.0,6.0,9.0,1.0,1800.0,1750.0,1800.0,1750.0,1800.0,2800.0,1821.4285714285713,1913.3333333333333,85.91246929842265,269.7167522360863,1.0,1.0,6.123233995736766e-17,-0.7818314824680299,0.6234898018587334,0.2222222222222222,0.2222222222222222,-0.21428571428571427
Thiruvellore,Pumpkin,2026-04-30,3000.0,False,False,1.0,2026.0,4.0,3.0,18.0,2.0,,3000.0,,,2000.0,3000.0,,2583.3333333333335,,468.71843328054615,2.0,0.8660254037844387,-0.4999999999999998,0.43388373911755823,-0.900968867902419,,,0.0
Perambalur,Tomato,2026-05-04,4250.0,False,False,1.0,2026.0,5.0,0.0,19.0,2.0,,,,,,,,,,,85.0,0.49999999999999994,-0.8660254037844387,0.0,1.0,,,
Tuticorin,Bitter Gourd,2026-05-22,3750.0,False,False,1.0,2026.0,5.0,4.0,21.0,2.0,,,,,,,,,,,2.0,0.49999999999999994,-0.8660254037844387,-0.433883739117558,-0.9009688679024191,,,
Chengalpattu,Mint(Pudina),2026-06-12,6500.0,False,False,1.0,2026.0,6.0,4.0,24.0,2.0,,,,2750.0,,,3666.6666666666665,3055.5555555555557,144.33756729740642,450.12706993133315,2.0,1.2246467991473532e-16,-1.0,-0.433883739117558,-0.9009688679024191,,,
Chengalpattu,Bitter Gourd,2026-06-13,6500.0,False,False,1.0,2026.0,6.0,5.0,24.0,2.0,6500.0,6500.0,,6500.0,,,6500.0,6147.058823529412,0.0,492.5921830718893,1.0,1.2246467991473532e-16,-1.0,-0.9749279121818236,-0.2225209339563146,0.0,,
Ranipet,Bitter Gourd,2026-06-14,4500.0,False,False,1.0,2026.0,6.0,6.0,24.0,2.0,4500.0,,,,4500.0,4500.0,,4466.666666666667,,129.09944487358183,1.0,1.2246467991473532e-16,-1.0,-0.7818314824680299,0.6234898018587334,0.0,,0.0
Ranipet,Tomato,2026-06-14,3500.0,False,False,1.0,2026.0,6.0,6.0,24.0,2.0,3500.0,,,,3500.0,3000.0,,3350.0,,246.40269015237178,1.0,1.2246467991473532e-16,-1.0,-0.7818314824680299,0.6234898018587334,0.0,,0.16666666666666666
Coimbatore,Tomato,2026-06-14,3750.0,False,False,1.0,2026.0,6.0,6.0,24.0,2.0,4000.0,,4650.0,3750.0,3750.0,3650.0,4537.5,4035.714285714286,361.4208073700242,347.18253741470943,1.0,1.2246467991473532e-16,-1.0,-0.7818314824680299,0.6234898018587334,-0.0625,-0.1935483870967742,0.0273972602739726
Tenkasi,Bitter Gourd,2026-06-14,5000.0,False,False,1.0,2026.0,6.0,6.0,24.0,2.0,,,5000.0,5000.0,,,,,,,6.0,1.2246467991473532e-16,-1.0,-0.7818314824680299,0.6234898018587334,,0.0,
Coimbatore,Bitter Gourd,2026-06-14,3250.0,False,False,1.0,2026.0,6.0,6.0,24.0,2.0,3250.0,2850.0,2750.0,4250.0,4250.0,5250.0,2991.6666666666665,3887.5,215.44527534078549,800.169818932479,1.0,1.2246467991473532e-16,-1.0,-0.7818314824680299,0.6234898018587334,0.0,0.18181818181818182,-0.38095238095238093
Coimbatore,Cabbage,2026-06-14,4250.0,False,False,1.0,2026.0,6.0,6.0,24.0,2.0,3750.0,,3750.0,,,,3650.0,3308.823529411765,418.3300132670378,428.7464628562749,1.0,1.2246467991473532e-16,-1.0,-0.7818314824680299,0.6234898018587334,0.13333333333333333,0.13333333333333333,
Ariyalur,Bitter Gourd,2026-06-14,5700.0,False,False,1.0,2026.0,6.0,6.0,24.0,2.0,5700.0,5700.0,5700.0,5200.0,5100.0,5100.0,5350.0,5207.142857142857,437.7975178854491,419.5377274595282,1.0,1.2246467991473532e-16,-1.0,-0.7818314824680299,0.6234898018587334,0.0,0.0,0.11764705882352941
Vellore,Banana - Green,2026-06-15,3000.0,False,False,7.0,2026.0,6.0,0.0,25.0,2.0,3000.0,3000.0,3000.0,3000.0,3000.0,3000.0,3000.0,3000.0,0.0,0.0,1.0,1.2246467991473532e-16,-1.0,0.0,1.0,0.0,0.0,0.0
Nagapattinam,Bhindi(Ladies Finger),2026-06-15,4750.0,False,False,4.0,2026.0,6.0,0.0,25.0,2.0,4750.0,4750.0,4750.0,4750.0,4750.0,4750.0,4750.0,4741.666666666667,0.0,31.713516462871535,1.0,1.2246467991473532e-16,-1.0,0.0,1.0,0.0,0.0,0.0
Madurai,Pumpkin,2026-06-15,2200.0,False,False,6.0,2026.0,6.0,0.0,25.0,2.0,2200.0,2200.0,2200.0,2200.0,1750.0,1750.0,2200.0,2035.0,0.0,220.55963303410607,1.0,1.2246467991473532e-16,-1.0,0.0,1.0,0.0,0.0,0.2571428571428571
Thiruvellore,Mint(Pudina),2026-06-15,4500.0,False,False,2.0,2026.0,6.0,0.0,25.0,2.0,4000.0,4500.0,4500.0,4500.0,4500.0,4500.0,4357.142857142857,4400.0,243.97501823713313,203.41905108624917,1.0,1.2246467991473532e-16,-1.0,0.0,1.0,0.125,0.0,0.0
Nilgiris,Bhindi(Ladies Finger),2026-06-15,4000.0,False,False,3.0,2026.0,6.0,0.0,25.0,2.0,3800.0,3750.0,3200.0,3250.0,4250.0,4650.0,3685.714285714286,3836.6666666666665,365.96252735570397,562.7722840351452,1.0,1.2246467991473532e-16,-1.0,0.0,1.0,0.05263157894736842,0.25,-0.13978494623655913
Tuticorin,Tomato,2026-06-15,4250.0,False,False,1.0,2026.0,6.0,0.0,25.0,2.0,4750.0,4750.0,4750.0,3750.0,,4250.0,4714.285714285715,4500.0,94.49111825230726,374.1657386773933,1.0,1.2246467991473532e-16,-1.0,0.0,1.0,-0.10526315789473684,-0.10526315789473684,0.0
Vellore,Bhindi(Ladies Finger),2026-06-15,3250.0,False,False,7.0,2026.0,6.0,0.0,25.0,2.0,3250.0,3125.0,2750.0,2750.0,3000.0,3600.0,3035.714285714286,3069.1666666666665,187.0033103858117,352.67960289599387,1.0,1.2246467991473532e-16,-1.0,0.0,1.0,0.0,0.18181818181818182,-0.09722222222222222
Nagapattinam,Banana - Green,2026-06-15,2775.0,False,False,4.0,2026.0,6.0,0.0,25.0,2.0,2750.0,2750.0,2750.0,2750.0,2750.0,2750.0,2789.285714285714,2775.0,67.48015581318289,52.11062503347108,1.0,1.2246467991473532e-16,-1.0,0.0,1.0,0.00909090909090909,0.00909090909090909,0.00909090909090909
Nilgiris,Banana - Green,2026-06-15,4250.0,False,False,2.0,2026.0,6.0,0.0,25.0,2.0,4250.0,4250.0,4250.0,4250.0,4250.0,4250.0,4250.0,4250.0,0.0,0.0,1.0,1.2246467991473532e-16,-1.0,0.0,1.0,0.0,0.0,0.0
Dindigul,Green Chilli,2026-06-15,5000.0,False,False,4.0,2026.0,6.0,0.0,25.0,2.0,4750.0,4750.0,5250.0,5750.0,5000.0,5125.0,4982.142857142857,5128.333333333333,196.6989481175404,249.63191293192304,1.0,1.2246467991473532e-16,-1.0,0.0,1.0,0.05263157894736842,-0.047619047619047616,-0.024390243902439025
Madurai,Tomato,2026-06-15,4100.0,False,False,7.0,2026.0,6.0,0.0,25.0,2.0,3850.0,4200.0,5100.0,3700.0,4000.0,4000.0,4578.571428571428,4263.333333333333,496.5356170987367,384.1545426565424,1.0,1.2246467991473532e-16,-1.0,0.0,1.0,0.06493506493506493,-0.19607843137254902,0.025
Madurai,Mint(Pudina),2026-06-15,5500.0,False,False,6.0,2026.0,6.0,0.0,25.0,2.0,5500.0,4750.0,4750.0,3800.0,3300.0,3300.0,4857.142857142857,3745.0,283.47335475692046,697.6994214979842,1.0,1.2246467991473532e-16,-1.0,0.0,1.0,0.0,0.15789473684210525,0.6666666666666666
Nilgiris,Bitter Gourd,2026-06-15,3750.0,False,False,2.0,2026.0,6.0,0.0,25.0,2.0,3500.0,3725.0,3300.0,4700.0,4700.0,5250.0,3564.285714285714,4342.5,210.08785010541214,610.8977988908229,1.0,1.2246467991473532e-16,-1.0,0.0,1.0,0.07142857142857142,0.13636363636363635,-0.2857142857142857
Erode,Bhindi(Ladies Finger),2026-06-15,2450.0,False,False,6.0,2026.0,6.0,0.0,25.0,2.0,2050.0,2175.0,2100.0,1400.0,2150.0,2650.0,2132.1428571428573,2103.3333333333335,59.0096844355009,390.99416463886666,1.0,1.2246467991473532e-16,-1.0,0.0,1.0,0.1951219512195122,0.16666666666666666,-0.07547169811320754
Ariyalur,Onion,2026-06-15,2450.0,False,False,2.0,2026.0,6.0,0.0,25.0,2.0,2775.0,2825.0,2775.0,2700.0,2750.0,2600.0,2771.4285714285716,2676.6666666666665,74.20210496358443,93.06406148566823,1.0,1.2246467991473532e-16,-1.0,0.0,1.0,-0.11711711711711711,-0.11711711711711711,-0.057692307692307696
Chengalpattu,Bhindi(Ladies Finger),2026-06-15,5000.0,False,False,2.0,2026.0,6.0,0.0,25.0,2.0,4500.0,6000.0,4500.0,5500.0,5000.0,5500.0,5071.428571428572,5025.0,731.9250547114018,679.4394241096803,1.0,1.2246467991473532e-16,-1.0,0.0,1.0,0.1111111111111111,0.1111111111111111,-0.09090909090909091
Madurai,Onion,2026-06-15,2900.0,False,False,7.0,2026.0,6.0,0.0,25.0,2.0,2750.0,2750.0,2900.0,2750.0,2650.0,2400.0,2792.8571428571427,2698.3333333333335,73.19250547113899,98.68386771520963,1.0,1.2246467991473532e-16,-1.0,0.0,1.0,0.05454545454545454,0.0,0.20833333333333334
Thiruvellore,Onion,2026-06-15,3000.0,False,False,6.0,2026.0,6.0,0.0,25.0,2.0,3000.0,3000.0,3000.0,3000.0,3000.0,3000.0,3000.0,3000.0,0.0,0.0,1.0,1.2246467991473532e-16,-1.0,0.0,1.0,0.0,0.0,0.0
Dindigul,Onion,2026-06-15,2850.0,False,False,4.0,2026.0,6.0,0.0,25.0,2.0,3200.0,2750.0,2750.0,2725.0,2500.0,2750.0,2839.285714285714,2718.3333333333335,164.47969913813512,147.38135692084896,1.0,1.2246467991473532e-16,-1.0,0.0,1.0,-0.109375,0.03636363636363636,0.03636363636363636
Namakkal,Tomato,2026-06-15,4200.0,False,False,3.0,2026.0,6.0,0.0,25.0,2.0,4400.0,4450.0,4500.0,3800.0,4050.0,4250.0,4392.857142857143,4053.3333333333335,73.19250547103897,290.268405319017,1.0,1.2246467991473532e-16,-1.0,0.0,1.0,-0.045454545454545456,-0.06666666666666667,-0.011764705882352941
Tuticorin,Cabbage,2026-06-15,5250.0,False,False,2.0,2026.0,6.0,0.0,25.0,2.0,5500.0,5250.0,5750.0,5000.0,3750.0,4000.0,5303.571428571428,4720.833333333333,366.97768194758135,704.5750533102405,1.0,1.2246467991473532e-16,-1.0,0.0,1.0,-0.045454545454545456,-0.08695652173913043,0.3125
Namakkal,Bhindi(Ladies Finger),2026-06-15,3750.0,False,False,6.0,2026.0,6.0,0.0,25.0,2.0,3775.0,3625.0,3300.0,2225.0,2775.0,3950.0,3485.714285714286,3167.5,176.1019726235674,663.6221790685611,1.0,1.2246467991473532e-16,-1.0,0.0,1.0,-0.006622516556291391,0.13636363636363635,-0.05063291139240506
Namakkal,Banana - Green,2026-06-15,2900.0,False,False,5.0,2026.0,6.0,0.0,25.0,2.0,2850.0,3000.0,2850.0,2850.0,3075.0,3075.0,2967.8571428571427,2944.1666666666665,113.38934190276957,116.27911821704093,1.0,1.2246467991473532e-16,-1.0,0.0,1.0,0.017543859649122806,0.017543859649122806,-0.056910569105691054
Tuticorin,Coconut,2026-06-15,5500.0,False,False,1.0,2026.0,6.0,0.0,25.0,2.0,6625.0,5500.0,6625.0,6375.0,6375.0,6625.0,6392.857142857143,6445.833333333333,410.9730034002356,287.459392434598,1.0,1.2246467991473532e-16,-1.0,0.0,1.0,-0.16981132075471697,-0.16981132075471697,-0.16981132075471697
Namakkal,Cabbage,2026-06-15,3325.0,False,False,6.0,2026.0,6.0,0.0,25.0,2.0,3325.0,3500.0,3275.0,2950.0,2550.0,2300.0,3389.285714285714,2959.1666666666665,87.62745818847318,368.56451111112455,1.0,1.2246467991473532e-16,-1.0,0.0,1.0,0.0,0.015267175572519083,0.44565217391304346
Dindigul,Pumpkin,2026-06-15,1800.0,False,False,4.0,2026.0,6.0,0.0,25.0,2.0,1775.0,1625.0,1775.0,1750.0,1650.0,1625.0,1742.857142857143,1723.3333333333333,53.45224838249355,60.148284197924006,1.0,1.2246467991473532e-16,-1.0,0.0,1.0,0.014084507042253521,0.014084507042253521,0.1076923076923077
Nagapattinam,Tomato,2026-06-15,4250.0,False,False,4.0,2026.0,6.0,0.0,25.0,2.0,4750.0,4250.0,3950.0,4000.0,4075.0,3825.0,4282.142857142857,4005.0,341.78279095132524,248.2177853529257,1.0,1.2246467991473532e-16,-1.0,0.0,1.0,-0.10526315789473684,0.0759493670886076,0.1111111111111111
Chengalpattu,Banana - Green,2026-06-15,3750.0,False,False,1.0,2026.0,6.0,0.0,25.0,2.0,3750.0,3750.0,3750.0,3750.0,3750.0,3750.0,3750.0,3733.3333333333335,0.0,91.2870929175277,1.0,1.2246467991473532e-16,-1.0,0.0,1.0,0.0,0.0,0.0
Nagapattinam,Pumpkin,2026-06-15,2225.0,False,False,4.0,2026.0,6.0,0.0,25.0,2.0,2550.0,2650.0,2225.0,2225.0,2200.0,2200.0,2467.8571428571427,2240.8333333333335,163.75431655524594,168.72791468931388,1.0,1.2246467991473532e-16,-1.0,0.0,1.0,-0.12745098039215685,0.0,0.011363636363636364
Namakkal,Coconut,2026-06-15,4200.0,False,False,6.0,2026.0,6.0,0.0,25.0,2.0,4250.0,4325.0,4500.0,4625.0,4700.0,4750.0,4342.857142857143,4558.333333333333,86.25819491779168,151.19257720630026,1.0,1.2246467991473532e-16,-1.0,0.0,1.0,-0.011764705882352941,-0.06666666666666667,-0.11578947368421053
Tuticorin,Bhindi(Ladies Finger),2026-06-15,3250.0,False,False,2.0,2026.0,6.0,0.0,25.0,2.0,4250.0,3000.0,3000.0,2200.0,2500.0,3000.0,3357.1428571428573,2710.0,475.594865605661,486.879578682376,1.0,1.2246467991473532e-16,-1.0,0.0,1.0,-0.2222222222222222,0.08333333333333333,0.08333333333333333
Nagapattinam,Onion,2026-06-15,2750.0,False,False,4.0,2026.0,6.0,0.0,25.0,2.0,2750.0,2750.0,2750.0,2750.0,2750.0,2750.0,2760.714285714286,2771.6666666666665,28.34733547569203,63.900965042277925,1.0,1.2246467991473532e-16,-1.0,0.0,1.0,0.0,0.0,0.0
Namakkal,Green Chilli,2026-06-15,5725.0,False,False,6.0,2026.0,6.0,0.0,25.0,2.0,5725.0,5600.0,5725.0,5950.0,5700.0,5825.0,5696.428571428572,5745.0,44.32026302133779,121.12973950740722,1.0,1.2246467991473532e-16,-1.0,0.0,1.0,0.0,0.0,-0.017167381974248927
Tuticorin,Green Chilli,2026-06-15,6375.0,False,False,2.0,2026.0,6.0,0.0,25.0,2.0,5625.0,5500.0,6750.0,5500.0,7500.0,5625.0,5982.142857142857,5908.333333333333,546.9068868254803,663.822957979169,1.0,1.2246467991473532e-16,-1.0,0.0,1.0,0.13333333333333333,-0.05555555555555555,0.13333333333333333
Erode,Banana - Green,2026-06-15,3200.0,False,False,6.0,2026.0,6.0,0.0,25.0,2.0,3200.0,3225.0,3225.0,3225.0,3225.0,2750.0,3185.714285714286,3090.8333333333335,93.38221509065895,192.5871201575398,1.0,1.2246467991473532e-16,-1.0,0.0,1.0,0.0,-0.007751937984496124,0.16363636363636364
Namakkal,Mint(Pudina),2026-06-15,4000.0,False,False,6.0,2026.0,6.0,0.0,25.0,2.0,4000.0,4250.0,4250.0,4250.0,4000.0,4000.0,4178.571428571428,4133.333333333333,121.98750911856692,126.8540658512045,1.0,1.2246467991473532e-16,-1.0,0.0,1.0,0.0,-0.058823529411764705,0.0
Dindigul,Mint(Pudina),2026-06-15,4750.0,False,False,3.0,2026.0,6.0,0.0,25.0,2.0,4750.0,4750.0,4750.0,2900.0,2750.0,2900.0,4678.571428571428,3260.0,121.9875091185614,845.3116136301153,1.0,1.2246467991473532e-16,-1.0,0.0,1.0,0.0,0.0,0.6379310344827587
Tuticorin,Mint(Pudina),2026-06-15,4500.0,False,False,2.0,2026.0,6.0,0.0,25.0,2.0,4000.0,4750.0,5000.0,4000.0,3750.0,4000.0,4732.142857142857,4191.666666666667,356.6961492042534,373.8968448312366,1.0,1.2246467991473532e-16,-1.0,0.0,1.0,0.125,-0.1,0.125
Tuticorin,Banana - Green,2026-06-15,2750.0,False,False,2.0,2026.0,6.0,0.0,25.0,2.0,3000.0,2750.0,3250.0,2750.0,2750.0,3000.0,2964.285714285714,2937.5,172.51638983558837,163.31031388338346,1.0,1.2246467991473532e-16,-1.0,0.0,1.0,-0.08333333333333333,-0.15384615384615385,-0.08333333333333333
Dindigul,Tomato,2026-06-15,3500.0,False,False,4.0,2026.0,6.0,0.0,25.0,2.0,4225.0,4250.0,4325.0,3500.0,3700.0,4200.0,4192.857142857143,3840.0,178.36893280635036,330.00783689750676,1.0,1.2246467991473532e-16,-1.0,0.0,1.0,-0.17159763313609466,-0.1907514450867052,-0.16666666666666666
Nagapattinam,Green Chilli,2026-06-15,5250.0,False,False,4.0,2026.0,6.0,0.0,25.0,2.0,4150.0,4875.0,4875.0,4950.0,4375.0,4025.0,4746.428571428572,4547.5,267.0941514041246,385.6448920427056,1.0,1.2246467991473532e-16,-1.0,0.0,1.0,0.26506024096385544,0.07692307692307693,0.30434782608695654
Nagapattinam,Coconut,2026-06-15,4425.0,False,False,4.0,2026.0,6.0,0.0,25.0,2.0,4425.0,4225.0,4325.0,4200.0,4200.0,4250.0,4296.428571428572,4217.5,71.3392298408462,105.2808231547306,1.0,1.2246467991473532e-16,-1.0,0.0,1.0,0.0,0.023121387283236993,0.041176470588235294
Namakkal,Bitter Gourd,2026-06-15,5750.0,False,False,3.0,2026.0,6.0,0.0,25.0,2.0,5750.0,5625.0,5725.0,6000.0,5850.0,5750.0,5703.571428571428,5780.833333333333,56.69467095137086,189.90507308034893,1.0,1.2246467991473532e-16,-1.0,0.0,1.0,0.0,0.004366812227074236,0.0
Tuticorin,Onion,2026-06-15,3250.0,False,False,2.0,2026.0,6.0,0.0,25.0,2.0,3500.0,3250.0,3250.0,3000.0,3000.0,3250.0,3357.1428571428573,3223.3333333333335,133.63062095621257,187.99455849295612,1.0,1.2246467991473532e-16,-1.0,0.0,1.0,-0.07142857142857142,0.0,0.0
Namakkal,Onion,2026-06-15,2850.0,False,False,6.0,2026.0,6.0,0.0,25.0,2.0,2850.0,2875.0,2825.0,2675.0,2675.0,2675.0,2860.714285714286,2728.3333333333335,78.8684860717505,96.4305479334801,1.0,1.2246467991473532e-16,-1.0,0.0,1.0,0.0,0.008849557522123894,0.06542056074766354
Thiruvellore,Tomato,2026-06-15,4000.0,False,False,5.0,2026.0,6.0,0.0,25.0,2.0,4000.0,4000.0,4000.0,4000.0,4000.0,3750.0,4000.0,4000.0,0.0,65.65321642986154,1.0,1.2246467991473532e-16,-1.0,0.0,1.0,0.0,0.0,0.06666666666666667
Nagapattinam,Cabbage,2026-06-15,3400.0,False,False,4.0,2026.0,6.0,0.0,25.0,2.0,3400.0,3475.0,3550.0,3425.0,3375.0,3275.0,3496.4285714285716,3436.6666666666665,150.9888043784065,121.89829942332426,1.0,1.2246467991473532e-16,-1.0,0.0,1.0,0.0,-0.04225352112676056,0.03816793893129771
Namakkal,Pumpkin,2026-06-15,2350.0,False,False,5.0,2026.0,6.0,0.0,25.0,2.0,2225.0,2200.0,2050.0,1850.0,1850.0,1800.0,2139.285714285714,1924.1666666666667,100.88890637018484,146.5822314426928,1.0,1.2246467991473532e-16,-1.0,0.0,1.0,0.056179775280898875,0.14634146341463414,0.3055555555555556
Nagapattinam,Bitter Gourd,2026-06-15,5750.0,False,False,3.0,2026.0,6.0,0.0,25.0,2.0,5750.0,5750.0,5750.0,5500.0,4750.0,4750.0,5750.0,5200.0,0.0,470.6928129236024,1.0,1.2246467991473532e-16,-1.0,0.0,1.0,0.0,0.0,0.21052631578947367
Tuticorin,Pumpkin,2026-06-15,2250.0,False,False,2.0,2026.0,6.0,0.0,25.0,2.0,2500.0,2250.0,2750.0,2250.0,2250.0,2500.0,2428.5714285714284,2358.3333333333335,188.98223650460304,145.82307024641625,1.0,1.2246467991473532e-16,-1.0,0.0,1.0,-0.1,-0.18181818181818182,-0.1
Nagapattinam,Mint(Pudina),2026-06-15,4250.0,False,False,3.0,2026.0,6.0,0.0,25.0,2.0,4250.0,4250.0,4250.0,4250.0,4250.0,4250.0,4250.0,4216.666666666667,0.0,108.54312136382627,1.0,1.2246467991473532e-16,-1.0,0.0,1.0,0.0,0.0,0.0
Ariyalur,Tomato,2026-06-15,4750.0,False,False,2.0,2026.0,6.0,0.0,25.0,2.0,4875.0,4500.0,4700.0,3825.0,4125.0,3700.0,4632.142857142857,4165.0,128.86870394771373,307.28230309131914,1.0,1.2246467991473532e-16,-1.0,0.0,1.0,-0.02564102564102564,0.010638297872340425,0.28378378378378377
Thirunelveli,Bhindi(Ladies Finger),2026-06-15,2400.0,False,False,5.0,2026.0,6.0,0.0,25.0,2.0,2600.0,2600.0,1800.0,1500.0,1900.0,2100.0,2407.1428571428573,2111.6666666666665,327.1449365706453,339.79794537071655,1.0,1.2246467991473532e-16,-1.0,0.0,1.0,-0.07692307692307693,0.3333333333333333,0.14285714285714285
Vellore,Bitter Gourd,2026-06-15,4750.0,False,False,6.0,2026.0,6.0,0.0,25.0,2.0,5500.0,4375.0,4000.0,3750.0,3250.0,3600.0,4446.428571428572,3840.8333333333335,567.6025185352964,533.6715432660341,1.0,1.2246467991473532e-16,-1.0,0.0,1.0,-0.13636363636363635,0.1875,0.3194444444444444
Virudhunagar,Banana - Green,2026-06-15,3250.0,False,False,7.0,2026.0,6.0,0.0,25.0,2.0,3200.0,3250.0,3250.0,3250.0,3250.0,3250.0,3242.8571428571427,3241.6666666666665,18.89822365046132,18.952451089579224,1.0,1.2246467991473532e-16,-1.0,0.0,1.0,0.015625,0.0,0.0
Kancheepuram,Tomato,2026-06-15,3250.0,False,False,1.0,2026.0,6.0,0.0,25.0,2.0,3750.0,,2750.0,3550.0,3875.0,3500.0,3375.0,3474.137931034483,737.3940601876291,448.1351617009346,1.0,1.2246467991473532e-16,-1.0,0.0,1.0,-0.13333333333333333,0.18181818181818182,-0.07142857142857142
Kanyakumari,Banana - Green,2026-06-15,4750.0,False,False,2.0,2026.0,6.0,0.0,25.0,2.0,4750.0,4750.0,4750.0,4750.0,4750.0,4750.0,4821.428571428572,4812.5,121.98750911859439,117.21443655938197,1.0,1.2246467991473532e-16,-1.0,0.0,1.0,0.0,0.0,0.0
Kanyakumari,Bhindi(Ladies Finger),2026-06-15,3750.0,False,False,2.0,2026.0,6.0,0.0,25.0,2.0,4250.0,4650.0,2800.0,2600.0,2600.0,3250.0,3907.1428571428573,3273.3333333333335,672.32715959109,583.7945631418916,1.0,1.2246467991473532e-16,-1.0,0.0,1.0,-0.11764705882352941,0.3392857142857143,0.15384615384615385
Kallakuruchi,Bhindi(Ladies Finger),2026-06-15,4000.0,False,False,2.0,2026.0,6.0,0.0,25.0,2.0,4000.0,4000.0,2500.0,3000.0,3000.0,3000.0,3142.8571428571427,2923.3333333333335,801.7837257372737,477.553631819887,1.0,1.2246467991473532e-16,-1.0,0.0,1.0,0.0,0.5,0.3333333333333333
Villupuram,Tomato,2026-06-15,4000.0,False,False,3.0,2026.0,6.0,0.0,25.0,2.0,4000.0,3750.0,4000.0,3600.0,3500.0,3500.0,3978.5714285714284,3725.8333333333335,134.9603116263664,224.6149323088024,1.0,1.2246467991473532e-16,-1.0,0.0,1.0,0.0,0.0,0.14285714285714285
Kanyakumari,Bitter Gourd,2026-06-15,4850.0,False,False,2.0,2026.0,6.0,0.0,25.0,2.0,4600.0,4600.0,4850.0,5250.0,5625.0,5250.0,4807.142857142857,5135.833333333333,214.91969707422658,328.83567674270495,1.0,1.2246467991473532e-16,-1.0,0.0,1.0,0.05434782608695652,0.0,-0.0761904761904762
Villupuram,Pumpkin,2026-06-15,2000.0,False,False,4.0,2026.0,6.0,0.0,25.0,2.0,2000.0,2000.0,2000.0,2000.0,2000.0,2000.0,2000.0,2000.0,0.0,6.787625903302991e-05,1.0,1.2246467991473532e-16,-1.0,0.0,1.0,0.0,0.0,0.0
Kanyakumari,Cabbage,2026-06-15,5250.0,False,False,2.0,2026.0,6.0,0.0,25.0,2.0,5000.0,5000.0,5250.0,4750.0,4750.0,3400.0,5142.857142857143,4617.5,133.6306209562015,558.521369948948,1.0,1.2246467991473532e-16,-1.0,0.0,1.0,0.05,0.0,0.5441176470588235
Kancheepuram,Pumpkin,2026-06-15,2000.0,False,False,3.0,2026.0,6.0,0.0,25.0,2.0,2000.0,2000.0,2000.0,2000.0,2000.0,2000.0,2000.0,2050.0,0.0,121.05854952788981,1.0,1.2246467991473532e-16,-1.0,0.0,1.0,0.0,0.0,0.0
Kanyakumari,Coconut,2026-06-15,4800.0,False,False,2.0,2026.0,6.0,0.0,25.0,2.0,4750.0,4750.0,4850.0,4850.0,4850.0,4875.0,4821.428571428572,4841.666666666667,69.86381310062562,106.74117369083018,1.0,1.2246467991473532e-16,-1.0,0.0,1.0,0.010526315789473684,-0.010309278350515464,-0.015384615384615385
Villupuram,Onion,2026-06-15,2750.0,False,False,4.0,2026.0,6.0,0.0,25.0,2.0,2875.0,2875.0,2750.0,2375.0,2375.0,2375.0,2839.285714285714,2559.1666666666665,60.99375455928583,223.84601901734808,1.0,1.2246467991473532e-16,-1.0,0.0,1.0,-0.043478260869565216,0.0,0.15789473684210525
Kanyakumari,Green Chilli,2026-06-15,6625.0,False,False,2.0,2026.0,6.0,0.0,25.0,2.0,5750.0,5250.0,6475.0,7125.0,7125.0,7000.0,6067.857142857143,6670.0,493.861123721854,506.86664232664833,1.0,1.2246467991473532e-16,-1.0,0.0,1.0,0.15217391304347827,0.023166023166023165,-0.05357142857142857
Villupuram,Mint(Pudina),2026-06-15,3500.0,False,False,4.0,2026.0,6.0,0.0,25.0,2.0,3500.0,3000.0,3000.0,2750.0,2500.0,3000.0,3142.8571428571427,2875.0,243.9750182371332,268.6973685432522,1.0,1.2246467991473532e-16,-1.0,0.0,1.0,0.0,0.16666666666666666,0.16666666666666666
Kanyakumari,Mint(Pudina),2026-06-15,9500.0,False,True,1.0,2026.0,6.0,0.0,25.0,2.0,7750.0,7750.0,7750.0,6750.0,6750.0,6750.0,7892.857142857143,6970.0,243.97501823712403,654.6386210253136,1.0,1.2246467991473532e-16,-1.0,0.0,1.0,0.22580645161290322,0.22580645161290322,0.4074074074074074
Kanyakumari,Onion,2026-06-15,3750.0,False,False,2.0,2026.0,6.0,0.0,25.0,2.0,3250.0,3000.0,3500.0,3050.0,2350.0,2800.0,3321.4285714285716,2881.6666666666665,188.98223650461355,311.4159357795935,1.0,1.2246467991473532e-16,-1.0,0.0,1.0,0.15384615384615385,0.07142857142857142,0.3392857142857143
Kanyakumari,Pumpkin,2026-06-15,1875.0,False,False,2.0,2026.0,6.0,0.0,25.0,2.0,1875.0,1800.0,1875.0,1875.0,1875.0,1975.0,1850.0,1920.0,40.824829046385226,79.16591046221684,1.0,1.2246467991473532e-16,-1.0,0.0,1.0,0.0,0.0,-0.05063291139240506
Erode,Tomato,2026-06-15,3575.0,False,False,2.0,2026.0,6.0,0.0,25.0,2.0,3600.0,3900.0,4225.0,3750.0,4150.0,3750.0,3989.285714285714,3925.0,217.39803302220207,219.81575356934346,1.0,1.2246467991473532e-16,-1.0,0.0,1.0,-0.006944444444444444,-0.15384615384615385,-0.04666666666666667
Ariyalur,Cabbage,2026-06-15,4250.0,False,False,2.0,2026.0,6.0,0.0,25.0,2.0,4100.0,4000.0,3975.0,3600.0,3925.0,3500.0,3882.1428571428573,3855.8333333333335,266.0334744422696,356.3272501443006,1.0,1.2246467991473532e-16,-1.0,0.0,1.0,0.036585365853658534,0.06918238993710692,0.21428571428571427
Villupuram,Green Chilli,2026-06-15,4000.0,False,False,4.0,2026.0,6.0,0.0,25.0,2.0,4000.0,4000.0,4000.0,3750.0,3875.0,3750.0,4000.0,3895.8333333333335,0.0,114.10886614710714,1.0,1.2246467991473532e-16,-1.0,0.0,1.0,0.0,0.0,0.06666666666666667
Kallakuruchi,Banana - Green,2026-06-15,3000.0,False,False,2.0,2026.0,6.0,0.0,25.0,2.0,3000.0,3000.0,3000.0,3000.0,3000.0,3000.0,3000.0,3000.0,0.0,0.0,1.0,1.2246467991473532e-16,-1.0,0.0,1.0,0.0,0.0,0.0
Kanyakumari,Tomato,2026-06-15,4750.0,False,False,2.0,2026.0,6.0,0.0,25.0,2.0,4750.0,4750.0,5250.0,4250.0,4750.0,3750.0,5035.714285714285,4488.333333333333,267.2612419124282,475.91714240692346,1.0,1.2246467991473532e-16,-1.0,0.0,1.0,0.0,-0.09523809523809523,0.26666666666666666
Virudhunagar,Bhindi(Ladies Finger),2026-06-15,3000.0,False,False,8.0,2026.0,6.0,0.0,25.0,2.0,3000.0,2750.0,2250.0,1875.0,2250.0,2750.0,2471.4285714285716,2395.0,355.73532161934463,384.1358416336818,1.0,1.2246467991473532e-16,-1.0,0.0,1.0,0.0,0.3333333333333333,0.09090909090909091
Kancheepuram,Onion,2026-06-15,2500.0,False,False,4.0,2026.0,6.0,0.0,25.0,2.0,2750.0,2700.0,2600.0,2750.0,2625.0,2500.0,2685.714285714286,2584.1666666666665,83.98554297360452,100.31917454607698,1.0,1.2246467991473532e-16,-1.0,0.0,1.0,-0.09090909090909091,-0.038461538461538464,0.0
Virudhunagar,Onion,2026-06-15,3250.0,False,False,8.0,2026.0,6.0,0.0,25.0,2.0,2750.0,2750.0,2750.0,2750.0,2500.0,2950.0,2750.0,2650.0,0.0,186.7369531056253,1.0,1.2246467991473532e-16,-1.0,0.0,1.0,0.18181818181818182,0.18181818181818182,0.1016949152542373
Kallakuruchi,Mint(Pudina),2026-06-15,3000.0,False,False,2.0,2026.0,6.0,0.0,25.0,2.0,3000.0,3000.0,3000.0,3000.0,3000.0,3500.0,3000.0,3033.3333333333335,0.0,126.85406585123125,1.0,1.2246467991473532e-16,-1.0,0.0,1.0,0.0,0.0,-0.14285714285714285
Kallakuruchi,Onion,2026-06-15,3500.0,False,False,2.0,2026.0,6.0,0.0,25.0,2.0,3500.0,3500.0,3500.0,3250.0,3000.0,3000.0,3392.8571428571427,3191.6666666666665,133.63062095621208,233.81518391648356,1.0,1.2246467991473532e-16,-1.0,0.0,1.0,0.0,0.0,0.16666666666666666
Virudhunagar,Mint(Pudina),2026-06-15,5625.0,False,False,8.0,2026.0,6.0,0.0,25.0,2.0,5500.0,5250.0,4500.0,3750.0,3750.0,3750.0,5017.857142857143,4044.1666666666665,341.7827909513239,593.0518430168976,1.0,1.2246467991473532e-16,-1.0,0.0,1.0,0.022727272727272728,0.25,0.5
Kallakuruchi,Pumpkin,2026-06-15,2750.0,False,False,2.0,2026.0,6.0,0.0,25.0,2.0,2750.0,2500.0,2500.0,2500.0,2500.0,3750.0,2571.4285714285716,2558.3333333333335,121.98750911856656,233.8151839164616,1.0,1.2246467991473532e-16,-1.0,0.0,1.0,0.0,0.1,-0.26666666666666666
Kallakuruchi,Tomato,2026-06-15,4250.0,False,False,2.0,2026.0,6.0,0.0,25.0,2.0,4250.0,4500.0,4800.0,3750.0,3900.0,4000.0,4571.428571428572,4113.333333333333,241.27636791505915,369.51350433380645,1.0,1.2246467991473532e-16,-1.0,0.0,1.0,0.0,-0.11458333333333333,0.0625
Kallakuruchi,Coconut,2026-06-15,4375.0,False,False,2.0,2026.0,6.0,0.0,25.0,2.0,4500.0,4375.0,4375.0,4375.0,4375.0,4375.0,4392.857142857143,4383.333333333333,47.245559126153346,31.713516462670416,1.0,1.2246467991473532e-16,-1.0,0.0,1.0,-0.027777777777777776,0.0,0.0
Virudhunagar,Green Chilli,2026-06-15,5750.0,False,False,8.0,2026.0,6.0,0.0,25.0,2.0,5750.0,5500.0,7500.0,6625.0,5500.0,5750.0,6142.857142857143,6066.666666666667,931.0292563558712,718.2453875811875,1.0,1.2246467991473532e-16,-1.0,0.0,1.0,0.0,-0.23333333333333334,0.0
Kancheepuram,Banana - Green,2026-06-15,3000.0,False,False,3.0,2026.0,6.0,0.0,25.0,2.0,3000.0,3000.0,3125.0,3000.0,2750.0,3000.0,3017.8571428571427,2991.6666666666665,47.24555912615345,79.96047874365851,1.0,1.2246467991473532e-16,-1.0,0.0,1.0,0.0,-0.04,0.0
Kallakuruchi,Bitter Gourd,2026-06-15,5250.0,False,False,2.0,2026.0,6.0,0.0,25.0,2.0,5250.0,5250.0,4000.0,4000.0,5250.0,5250.0,5071.428571428572,4858.333333333333,472.45559126153404,621.7443943889086,1.0,1.2246467991473532e-16,-1.0,0.0,1.0,0.0,0.3125,0.0
Virudhunagar,Coconut,2026-06-15,5750.0,False,False,8.0,2026.0,6.0,0.0,25.0,2.0,5650.0,5250.0,5125.0,5250.0,5375.0,5525.0,5325.0,5378.333333333333,182.00274723201665,134.82641031902057,1.0,1.2246467991473532e-16,-1.0,0.0,1.0,0.017699115044247787,0.12195121951219512,0.04072398190045249
Kancheepuram,Bitter Gourd,2026-06-15,4625.0,False,False,2.0,2026.0,6.0,0.0,25.0,2.0,3500.0,4000.0,4000.0,3250.0,3750.0,3750.0,3928.5714285714284,3783.3333333333335,188.98223650461358,243.30105281082626,1.0,1.2246467991473532e-16,-1.0,0.0,1.0,0.2962962962962963,0.15625,0.23333333333333334
Virudhunagar,Cabbage,2026-06-15,4750.0,False,False,8.0,2026.0,6.0,0.0,25.0,2.0,4750.0,5000.0,5500.0,4750.0,4250.0,4500.0,5132.142857142857,4708.333333333333,402.2629440931345,460.15052509709756,1.0,1.2246467991473532e-16,-1.0,0.0,1.0,0.0,-0.13636363636363635,0.05555555555555555
Kancheepuram,Cabbage,2026-06-15,3625.0,False,False,4.0,2026.0,6.0,0.0,25.0,2.0,3425.0,3000.0,3000.0,2750.0,2400.0,2500.0,3167.8571428571427,2825.0,301.632463201741,320.76148620818674,1.0,1.2246467991473532e-16,-1.0,0.0,1.0,0.058394160583941604,0.20833333333333334,0.45
Kallakuruchi,Cabbage,2026-06-15,5000.0,False,False,1.0,2026.0,6.0,0.0,25.0,2.0,5000.0,5000.0,5000.0,,4000.0,3500.0,5000.0,4517.241379310345,0.0,558.7415486847191,1.0,1.2246467991473532e-16,-1.0,0.0,1.0,0.0,0.0,0.42857142857142855
Kancheepuram,Coconut,2026-06-15,5500.0,False,False,4.0,2026.0,6.0,0.0,25.0,2.0,5500.0,5000.0,5375.0,5625.0,5625.0,5625.0,5357.142857142857,5577.5,209.52042746188346,166.13636899680017,1.0,1.2246467991473532e-16,-1.0,0.0,1.0,0.0,0.023255813953488372,-0.022222222222222223
Ariyalur,Bhindi(Ladies Finger),2026-06-15,3075.0,False,False,2.0,2026.0,6.0,0.0,25.0,2.0,3300.0,3500.0,3175.0,3300.0,4075.0,3800.0,3421.4285714285716,3582.5,196.01688459831524,233.70608567762463,1.0,1.2246467991473532e-16,-1.0,0.0,1.0,-0.06818181818181818,-0.031496062992125984,-0.19078947368421054
Kancheepuram,Green Chilli,2026-06-15,3750.0,False,False,3.0,2026.0,6.0,0.0,25.0,2.0,4000.0,5000.0,4750.0,3750.0,3250.0,3500.0,4642.857142857143,3941.6666666666665,349.31906550288585,668.5139636090183,1.0,1.2246467991473532e-16,-1.0,0.0,1.0,-0.0625,-0.21052631578947367,0.07142857142857142
Virudhunagar,Bitter Gourd,2026-06-15,5750.0,False,False,6.0,2026.0,6.0,0.0,25.0,2.0,6550.0,5500.0,5750.0,5500.0,5500.0,5525.0,5900.0,5673.333333333333,391.57800414902346,241.1300026145326,1.0,1.2246467991473532e-16,-1.0,0.0,1.0,-0.12213740458015267,0.0,0.04072398190045249
Kancheepuram,Mint(Pudina),2026-06-15,4750.0,False,False,2.0,2026.0,6.0,0.0,25.0,2.0,4125.0,3250.0,3500.0,3500.0,2750.0,2750.0,3500.0,3362.5,525.3966755382721,425.9244509664161,1.0,1.2246467991473532e-16,-1.0,0.0,1.0,0.15151515151515152,0.35714285714285715,0.7272727272727273
Kancheepuram,Bhindi(Ladies Finger),2026-06-15,3500.0,False,False,4.0,2026.0,6.0,0.0,25.0,2.0,4000.0,4000.0,3875.0,3750.0,4250.0,4000.0,4000.0,3912.5,125.00000000000078,241.5601231648941,1.0,1.2246467991473532e-16,-1.0,0.0,1.0,-0.125,-0.0967741935483871,-0.125
Madurai,Green Chilli,2026-06-15,4400.0,False,False,7.0,2026.0,6.0,0.0,25.0,2.0,5500.0,3800.0,3800.0,4250.0,4400.0,4250.0,3914.285714285714,4373.333333333333,729.5628175572269,652.6779494874439,1.0,1.2246467991473532e-16,-1.0,0.0,1.0,-0.2,0.15789473684210525,0.03529411764705882
Karur,Banana - Green,2026-06-15,2750.0,False,False,6.0,2026.0,6.0,0.0,25.0,2.0,2750.0,2750.0,2775.0,2750.0,2750.0,3250.0,2753.5714285714284,2884.1666666666665,9.449111825230709,224.4229509643375,1.0,1.2246467991473532e-16,-1.0,0.0,1.0,0.0,-0.009009009009009009,-0.15384615384615385
Karur,Bhindi(Ladies Finger),2026-06-15,3750.0,False,False,6.0,2026.0,6.0,0.0,25.0,2.0,3750.0,3750.0,3750.0,2250.0,3250.0,3750.0,3750.0,3266.6666666666665,0.0,594.2734383600013,1.0,1.2246467991473532e-16,-1.0,0.0,1.0,0.0,0.0,0.0
Krishnagiri,Coconut,2026-06-15,4500.0,False,False,5.0,2026.0,6.0,0.0,25.0,2.0,5250.0,5250.0,5000.0,5500.0,5500.0,5500.0,5214.285714285715,5400.0,94.49111825231101,140.81046199380225,1.0,1.2246467991473532e-16,-1.0,0.0,1.0,-0.14285714285714285,-0.1,-0.18181818181818182
Nilgiris,Cabbage,2026-06-15,2250.0,False,False,3.0,2026.0,6.0,0.0,25.0,2.0,3250.0,2750.0,2250.0,2250.0,2250.0,1800.0,2750.0,2280.0,408.24829046386265,365.4472932420485,1.0,1.2246467991473532e-16,-1.0,0.0,1.0,-0.2222222222222222,0.0,0.25
Krishnagiri,Green Chilli,2026-06-15,4500.0,False,False,5.0,2026.0,6.0,0.0,25.0,2.0,4500.0,4500.0,4650.0,4000.0,3750.0,3750.0,4521.428571428572,4230.0,56.69467095138406,410.97025649575255,1.0,1.2246467991473532e-16,-1.0,0.0,1.0,0.0,-0.03225806451612903,0.2
Krishnagiri,Mint(Pudina),2026-06-15,3750.0,False,False,5.0,2026.0,6.0,0.0,25.0,2.0,3750.0,3500.0,3500.0,3750.0,3750.0,2750.0,3607.1428571428573,3475.0,133.63062095621208,349.56869977455784,1.0,1.2246467991473532e-16,-1.0,0.0,1.0,0.0,0.07142857142857142,0.36363636363636365
Erode,Coconut,2026-06-15,3725.0,False,False,6.0,2026.0,6.0,0.0,25.0,2.0,3725.0,3725.0,3725.0,3700.0,4200.0,4250.0,3721.4285714285716,3936.6666666666665,17.251638984112383,261.686616122276,1.0,1.2246467991473532e-16,-1.0,0.0,1.0,0.0,0.0,-0.12352941176470589
Vellore,Mint(Pudina),2026-06-15,3750.0,False,False,6.0,2026.0,6.0,0.0,25.0,2.0,4000.0,3500.0,4000.0,3000.0,3000.0,3000.0,3928.5714285714284,3275.0,188.98223650461358,461.2109248937812,1.0,1.2246467991473532e-16,-1.0,0.0,1.0,-0.0625,-0.0625,0.25
Krishnagiri,Onion,2026-06-15,2750.0,False,False,5.0,2026.0,6.0,0.0,25.0,2.0,2750.0,2750.0,2750.0,2500.0,2250.0,2250.0,2750.0,2483.3333333333335,0.0,245.06625892684448,1.0,1.2246467991473532e-16,-1.0,0.0,1.0,0.0,0.0,0.2222222222222222
Vellore,Green Chilli,2026-06-15,4250.0,False,False,7.0,2026.0,6.0,0.0,25.0,2.0,4500.0,4500.0,4500.0,4000.0,3875.0,3425.0,4528.571428571428,3977.5,248.08792604160917,448.96192527302736,1.0,1.2246467991473532e-16,-1.0,0.0,1.0,-0.05555555555555555,-0.05555555555555555,0.24087591240875914
Krishnagiri,Pumpkin,2026-06-15,2250.0,False,False,3.0,2026.0,6.0,0.0,25.0,2.0,2250.0,2250.0,2250.0,2200.0,2000.0,1750.0,2250.0,2065.0,0.0,201.78086440832797,1.0,1.2246467991473532e-16,-1.0,0.0,1.0,0.0,0.0,0.2857142857142857
Vellore,Pumpkin,2026-06-15,2500.0,False,False,7.0,2026.0,6.0,0.0,25.0,2.0,2500.0,2250.0,2250.0,2250.0,2000.0,1800.0,2307.1428571428573,2113.3333333333335,101.77004891982142,158.62193902559147,1.0,1.2246467991473532e-16,-1.0,0.0,1.0,0.0,0.1111111111111111,0.3888888888888889
Krishnagiri,Tomato,2026-06-15,3250.0,False,False,4.0,2026.0,6.0,0.0,25.0,2.0,3250.0,3250.0,3750.0,2750.0,3250.0,3500.0,3446.4285714285716,3445.8333333333335,248.507449346996,378.1239610036183,1.0,1.2246467991473532e-16,-1.0,0.0,1.0,0.0,-0.13333333333333333,-0.07142857142857142
Erode,Cabbage,2026-06-15,3250.0,False,False,5.0,2026.0,6.0,0.0,25.0,2.0,3250.0,3250.0,3200.0,2800.0,2250.0,2500.0,3242.8571428571427,2811.6666666666665,18.898223650429845,427.23718142901816,1.0,1.2246467991473532e-16,-1.0,0.0,1.0,0.0,0.015625,0.3
Ariyalur,Mint(Pudina),2026-06-15,4250.0,False,False,2.0,2026.0,6.0,0.0,25.0,2.0,4250.0,3375.0,3750.0,3750.0,4000.0,3800.0,3714.285714285714,3812.5,310.8647692516865,172.9248890164988,1.0,1.2246467991473532e-16,-1.0,0.0,1.0,0.0,0.13333333333333333,0.11842105263157894
Vellore,Coconut,2026-06-15,3125.0,False,False,6.0,2026.0,6.0,0.0,25.0,2.0,3250.0,3500.0,3500.0,3500.0,3500.0,3250.0,3285.714285714286,3325.0,224.9338527106099,209.16500663351354,1.0,1.2246467991473532e-16,-1.0,0.0,1.0,-0.038461538461538464,-0.10714285714285714,-0.038461538461538464
Madurai,Bhindi(Ladies Finger),2026-06-15,2900.0,False,False,7.0,2026.0,6.0,0.0,25.0,2.0,3000.0,3200.0,2200.0,1200.0,2250.0,2750.0,2707.1428571428573,2246.6666666666665,396.26229889280404,579.3773907562903,1.0,1.2246467991473532e-16,-1.0,0.0,1.0,-0.03333333333333333,0.3181818181818182,0.05454545454545454
Madurai,Bitter Gourd,2026-06-15,4750.0,False,False,6.0,2026.0,6.0,0.0,25.0,2.0,5250.0,4625.0,5750.0,3300.0,4750.0,4250.0,5232.142857142857,4491.666666666667,458.87413981447696,677.0668654053882,1.0,1.2246467991473532e-16,-1.0,0.0,1.0,-0.09523809523809523,-0.17391304347826086,0.11764705882352941
Vellore,Cabbage,2026-06-15,4750.0,False,False,6.0,2026.0,6.0,0.0,25.0,2.0,4750.0,4750.0,4000.0,3500.0,3000.0,2750.0,4371.428571428572,3553.3333333333335,312.05921294034823,576.1694753870717,1.0,1.2246467991473532e-16,-1.0,0.0,1.0,0.0,0.1875,0.7272727272727273
Madurai,Cabbage,2026-06-15,4325.0,False,False,4.0,2026.0,6.0,0.0,25.0,2.0,4400.0,4400.0,4900.0,3650.0,3250.0,3250.0,4439.285714285715,3927.5,211.07716936840288,611.5395354744226,1.0,1.2246467991473532e-16,-1.0,0.0,1.0,-0.017045454545454544,-0.11734693877551021,0.33076923076923076
Madurai,Coconut,2026-06-15,4800.0,False,False,7.0,2026.0,6.0,0.0,25.0,2.0,4800.0,4800.0,4800.0,5300.0,5300.0,5300.0,4800.0,5116.666666666667,0.0,245.06625892693057,1.0,1.2246467991473532e-16,-1.0,0.0,1.0,0.0,0.0,-0.09433962264150944
Erode,Bitter Gourd,2026-06-15,3775.0,False,False,2.0,2026.0,6.0,0.0,25.0,2.0,3450.0,3550.0,4075.0,4375.0,4950.0,4650.0,3910.714285714286,4435.0,402.0409242376831,535.4501812043252,1.0,1.2246467991473532e-16,-1.0,0.0,1.0,0.09420289855072464,-0.0736196319018405,-0.1881720430107527
Madurai,Banana - Green,2026-06-15,2150.0,False,False,6.0,2026.0,6.0,0.0,25.0,2.0,2150.0,2075.0,2200.0,2150.0,2200.0,2225.0,2167.8571428571427,2184.1666666666665,47.24555912615466,68.6957727622482,1.0,1.2246467991473532e-16,-1.0,0.0,1.0,0.0,-0.022727272727272728,-0.033707865168539325
Villupuram,Coconut,2026-06-15,5250.0,False,False,4.0,2026.0,6.0,0.0,25.0,2.0,5250.0,5250.0,5250.0,5250.0,5750.0,5750.0,5250.0,5491.666666666667,0.0,249.85628052850856,1.0,1.2246467991473532e-16,-1.0,0.0,1.0,0.0,0.0,-0.08695652173913043
Erode,Green Chilli,2026-06-15,4625.0,False,False,6.0,2026.0,6.0,0.0,25.0,2.0,4300.0,4400.0,4450.0,4775.0,4525.0,4975.0,4475.0,4614.166666666667,118.14539065631732,220.1765879586135,1.0,1.2246467991473532e-16,-1.0,0.0,1.0,0.0755813953488372,0.03932584269662921,-0.07035175879396985
Ariyalur,Green Chilli,2026-06-15,4850.0,False,False,2.0,2026.0,6.0,0.0,25.0,2.0,4775.0,4500.0,4600.0,4375.0,4925.0,4750.0,4650.0,4955.833333333333,294.0379794062709,433.44466960524574,1.0,1.2246467991473532e-16,-1.0,0.0,1.0,0.015706806282722512,0.05434782608695652,0.021052631578947368
Erode,Pumpkin,2026-06-15,2050.0,False,False,6.0,2026.0,6.0,0.0,25.0,2.0,2025.0,1900.0,2000.0,1900.0,1825.0,1600.0,1985.7142857142858,1891.6666666666667,59.26132602216018,121.11787741653374,1.0,1.2246467991473532e-16,-1.0,0.0,1.0,0.012345679012345678,0.025,0.28125
Villupuram,Cabbage,2026-06-15,4500.0,False,False,3.0,2026.0,6.0,0.0,25.0,2.0,4500.0,4000.0,4000.0,4000.0,3600.0,3600.0,4142.857142857143,3878.3333333333335,243.9750182371332,254.50538011159176,1.0,1.2246467991473532e-16,-1.0,0.0,1.0,0.0,0.125,0.25
Karur,Bitter Gourd,2026-06-15,3600.0,False,False,1.0,2026.0,6.0,0.0,25.0,2.0,3600.0,3150.0,3600.0,3600.0,4150.0,4500.0,3471.4285714285716,3848.3333333333335,219.57751641341864,460.03810436883424,1.0,1.2246467991473532e-16,-1.0,0.0,1.0,0.0,0.0,-0.2
Karur,Cabbage,2026-06-15,5750.0,False,False,3.0,2026.0,6.0,0.0,25.0,2.0,6250.0,5750.0,5750.0,4750.0,3750.0,4750.0,6107.142857142857,5100.0,243.97501823714876,832.0104442315334,1.0,1.2246467991473532e-16,-1.0,0.0,1.0,-0.08,0.0,0.21052631578947367
Villupuram,Bitter Gourd,2026-06-15,4750.0,False,False,4.0,2026.0,6.0,0.0,25.0,2.0,5000.0,5000.0,5000.0,5000.0,4750.0,4500.0,5000.0,4845.833333333333,5.690167957373161e-05,293.02843022406864,1.0,1.2246467991473532e-16,-1.0,0.0,1.0,-0.05,-0.05,0.05555555555555555
Karur,Coconut,2026-06-15,4750.0,False,False,6.0,2026.0,6.0,0.0,25.0,2.0,4750.0,4750.0,4750.0,4750.0,5250.0,5750.0,4750.0,5050.0,0.0,402.84548248505666,1.0,1.2246467991473532e-16,-1.0,0.0,1.0,0.0,0.0,-0.17391304347826086
Karur,Green Chilli,2026-06-15,6500.0,False,False,6.0,2026.0,6.0,0.0,25.0,2.0,6500.0,6500.0,6500.0,7500.0,6250.0,6250.0,6500.0,6522.5,0.0,472.1717067864661,1.0,1.2246467991473532e-16,-1.0,0.0,1.0,0.0,0.0,0.04
Erode,Onion,2026-06-15,2800.0,False,False,5.0,2026.0,6.0,0.0,25.0,2.0,3200.0,3100.0,2750.0,2600.0,2300.0,2700.0,2928.5714285714284,2596.6666666666665,195.48474547719798,280.0656737431396,1.0,1.2246467991473532e-16,-1.0,0.0,1.0,-0.125,0.01818181818181818,0.037037037037037035
Ariyalur,Coconut,2026-06-15,5700.0,False,False,2.0,2026.0,6.0,0.0,25.0,2.0,5575.0,5875.0,5350.0,6000.0,5300.0,5400.0,5585.714285714285,5627.5,197.8304950251677,229.81908176830353,1.0,1.2246467991473532e-16,-1.0,0.0,1.0,0.02242152466367713,0.06542056074766354,0.05555555555555555
Krishnagiri,Cabbage,2026-06-15,3750.0,False,False,4.0,2026.0,6.0,0.0,25.0,2.0,3625.0,3625.0,3250.0,2750.0,2750.0,2250.0,3589.285714285714,2912.5,156.6957926320015,518.1511395802155,1.0,1.2246467991473532e-16,-1.0,0.0,1.0,0.034482758620689655,0.15384615384615385,0.6666666666666666
Karur,Mint(Pudina),2026-06-15,4250.0,False,False,6.0,2026.0,6.0,0.0,25.0,2.0,4250.0,4250.0,3750.0,3750.0,3750.0,3750.0,4035.714285714286,3816.6666666666665,267.2612419124241,172.87295182088033,1.0,1.2246467991473532e-16,-1.0,0.0,1.0,0.0,0.13333333333333333,0.13333333333333333
Karur,Onion,2026-06-15,2750.0,False,False,3.0,2026.0,6.0,0.0,25.0,2.0,2750.0,2750.0,2750.0,2750.0,2300.0,2550.0,2750.0,2610.0,0.0,160.49492418659068,1.0,1.2246467991473532e-16,-1.0,0.0,1.0,0.0,0.0,0.0784313725490196
Karur,Pumpkin,2026-06-15,2525.0,False,False,6.0,2026.0,6.0,0.0,25.0,2.0,2525.0,2525.0,2725.0,2775.0,2725.0,2725.0,2596.4285714285716,2717.5,106.48608225625419,180.05626515255906,1.0,1.2246467991473532e-16,-1.0,0.0,1.0,0.0,-0.07339449541284404,-0.07339449541284404
Villupuram,Banana - Green,2026-06-15,3500.0,False,False,4.0,2026.0,6.0,0.0,25.0,2.0,3500.0,3500.0,3500.0,3500.0,3500.0,3500.0,3500.0,3500.0,0.0,0.0,1.0,1.2246467991473532e-16,-1.0,0.0,1.0,0.0,0.0,0.0
Karur,Tomato,2026-06-15,4250.0,False,False,3.0,2026.0,6.0,0.0,25.0,2.0,4250.0,4350.0,4250.0,3550.0,3800.0,3750.0,4357.142857142857,4003.3333333333335,327.14493657065566,342.6401886098401,1.0,1.2246467991473532e-16,-1.0,0.0,1.0,0.0,0.0,0.13333333333333333
Erode,Mint(Pudina),2026-06-15,4525.0,False,False,6.0,2026.0,6.0,0.0,25.0,2.0,3750.0,3750.0,4025.0,3750.0,3800.0,3775.0,3835.714285714286,3784.1666666666665,138.3362019209305,70.85783889826693,1.0,1.2246467991473532e-16,-1.0,0.0,1.0,0.20666666666666667,0.12422360248447205,0.1986754966887417
Vellore,Tomato,2026-06-15,2925.0,False,False,6.0,2026.0,6.0,0.0,25.0,2.0,3500.0,3225.0,3750.0,2900.0,3100.0,2650.0,3714.285714285714,3248.3333333333335,346.96816102043067,354.46252010744973,1.0,1.2246467991473532e-16,-1.0,0.0,1.0,-0.16428571428571428,-0.22,0.10377358490566038
Krishnagiri,Banana - Green,2026-06-15,3500.0,False,False,5.0,2026.0,6.0,0.0,25.0,2.0,3500.0,3500.0,3500.0,3750.0,3750.0,3750.0,3535.714285714286,3633.3333333333335,94.49111825230679,126.8540658512399,1.0,1.2246467991473532e-16,-1.0,0.0,1.0,0.0,0.0,-0.06666666666666667
Krishnagiri,Bhindi(Ladies Finger),2026-06-15,3250.0,False,False,5.0,2026.0,6.0,0.0,25.0,2.0,3250.0,3250.0,2250.0,2750.0,2750.0,4250.0,3000.0,2975.0,433.0127018922266,581.1329600370253,1.0,1.2246467991473532e-16,-1.0,0.0,1.0,0.0,0.4444444444444444,-0.23529411764705882
Krishnagiri,Bitter Gourd,2026-06-15,3800.0,False,False,5.0,2026.0,6.0,0.0,25.0,2.0,4500.0,3750.0,3750.0,4500.0,4250.0,4500.0,3971.4285714285716,4268.333333333333,361.5443067098191,356.8258856132519,1.0,1.2246467991473532e-16,-1.0,0.0,1.0,-0.15555555555555556,0.013333333333333334,-0.15555555555555556
Villupuram,Bhindi(Ladies Finger),2026-06-15,3250.0,False,False,4.0,2026.0,6.0,0.0,25.0,2.0,3500.0,3500.0,3000.0,2750.0,3625.0,4000.0,3357.1428571428573,3508.3333333333335,377.964473009227,496.68440915621824,1.0,1.2246467991473532e-16,-1.0,0.0,1.0,-0.07142857142857142,0.08333333333333333,-0.1875
Vellore,Onion,2026-06-15,2750.0,False,False,7.0,2026.0,6.0,0.0,25.0,2.0,2750.0,2600.0,2750.0,2500.0,2400.0,2400.0,2735.714285714286,2543.3333333333335,80.17837257372743,135.655073073416,1.0,1.2246467991473532e-16,-1.0,0.0,1.0,0.0,0.0,0.14583333333333334
Perambalur,Onion,2026-06-15,3300.0,False,False,1.0,2026.0,6.0,0.0,25.0,2.0,3350.0,3100.0,3400.0,3000.0,2900.0,2900.0,3314.285714285714,3066.6666666666665,102.93317295817982,215.09153357604959,1.0,1.2246467991473532e-16,-1.0,0.0,1.0,-0.014925373134328358,-0.029411764705882353,0.13793103448275862
Dindigul,Coconut,2026-06-15,4250.0,False,False,5.0,2026.0,6.0,0.0,25.0,2.0,4250.0,3750.0,3850.0,4500.0,4200.0,4625.0,3942.8571428571427,4155.0,212.97216451250134,285.3008091895155,1.0,1.2246467991473532e-16,-1.0,0.0,1.0,0.0,0.1038961038961039,-0.08108108108108109
Thirupur,Bhindi(Ladies Finger),2026-06-15,3750.0,False,False,5.0,2026.0,6.0,0.0,25.0,2.0,3750.0,3750.0,3575.0,2750.0,4500.0,4600.0,3689.285714285714,3830.8333333333335,105.92562530021114,563.688718411449,1.0,1.2246467991473532e-16,-1.0,0.0,1.0,0.0,0.04895104895104895,-0.18478260869565216
Tenkasi,Cabbage,2026-06-15,4750.0,False,False,1.0,2026.0,6.0,0.0,25.0,2.0,4000.0,4000.0,5000.0,4000.0,4000.0,3000.0,4142.857142857143,3800.0,377.96447300922733,514.4464718644433,1.0,1.2246467991473532e-16,-1.0,0.0,1.0,0.1875,-0.05,0.5833333333333334
Tenkasi,Coconut,2026-06-15,4700.0,False,False,2.0,2026.0,6.0,0.0,25.0,2.0,4625.0,4750.0,4950.0,5100.0,5100.0,5225.0,4885.714285714285,5050.833333333333,179.03511227846383,193.14584150829103,1.0,1.2246467991473532e-16,-1.0,0.0,1.0,0.016216216216216217,-0.050505050505050504,-0.10047846889952153
Thirupur,Banana - Green,2026-06-15,2750.0,False,False,5.0,2026.0,6.0,0.0,25.0,2.0,2750.0,2750.0,2750.0,2650.0,2750.0,2750.0,2735.714285714286,2743.3333333333335,37.796447300922736,25.37081317024619,1.0,1.2246467991473532e-16,-1.0,0.0,1.0,0.0,0.0,0.0
Tenkasi,Green Chilli,2026-06-15,5375.0,False,False,2.0,2026.0,6.0,0.0,25.0,2.0,5375.0,5750.0,5375.0,5750.0,5625.0,4750.0,5660.714285714285,5621.666666666667,247.0058800148521,356.81380572223384,1.0,1.2246467991473532e-16,-1.0,0.0,1.0,0.0,0.0,0.13157894736842105
Tenkasi,Mint(Pudina),2026-06-15,6250.0,False,False,2.0,2026.0,6.0,0.0,25.0,2.0,6000.0,5250.0,5750.0,4500.0,4500.0,4500.0,5482.142857142857,4791.666666666667,363.92372303888067,462.2999722775319,1.0,1.2246467991473532e-16,-1.0,0.0,1.0,0.041666666666666664,0.08695652173913043,0.3888888888888889
Thirupathur,Tomato,2026-06-15,2875.0,False,False,2.0,2026.0,6.0,0.0,25.0,2.0,2875.0,3125.0,3375.0,3625.0,3375.0,3250.0,3232.1428571428573,3279.1666666666665,326.18830378143394,255.7176626447458,1.0,1.2246467991473532e-16,-1.0,0.0,1.0,0.0,-0.14814814814814814,-0.11538461538461539
Tenkasi,Onion,2026-06-15,2875.0,False,False,2.0,2026.0,6.0,0.0,25.0,2.0,2750.0,2875.0,2875.0,2875.0,2875.0,2875.0,3017.8571428571427,2945.8333333333335,233.05680893394913,156.34336291147508,1.0,1.2246467991473532e-16,-1.0,0.0,1.0,0.045454545454545456,0.0,0.0
Cuddalore,Mint(Pudina),2026-06-15,4500.0,False,False,4.0,2026.0,6.0,0.0,25.0,2.0,4500.0,4500.0,4500.0,4500.0,4000.0,4000.0,4428.571428571428,4266.666666666667,188.98223650461367,285.6732318616834,1.0,1.2246467991473532e-16,-1.0,0.0,1.0,0.0,0.0,0.125
Cuddalore,Onion,2026-06-15,2750.0,False,False,5.0,2026.0,6.0,0.0,25.0,2.0,2750.0,2750.0,2750.0,2500.0,2500.0,2500.0,2678.5714285714284,2537.5,121.98750911856689,171.0452148330078,1.0,1.2246467991473532e-16,-1.0,0.0,1.0,0.0,0.0,0.1
Thirupathur,Pumpkin,2026-06-15,3000.0,False,False,1.0,2026.0,6.0,0.0,25.0,2.0,3000.0,3000.0,3000.0,3000.0,3000.0,3000.0,3000.0,3017.8571428571427,0.0,346.46743359184023,1.0,1.2246467991473532e-16,-1.0,0.0,1.0,0.0,0.0,0.0
Tenkasi,Tomato,2026-06-15,4250.0,False,False,1.0,2026.0,6.0,0.0,25.0,2.0,4800.0,4800.0,4800.0,4000.0,4125.0,3500.0,4800.0,4273.611111111111,0.0,387.5329418846239,1.0,1.2246467991473532e-16,-1.0,0.0,1.0,-0.11458333333333333,-0.11458333333333333,0.21428571428571427
Thirupathur,Onion,2026-06-15,2625.0,False,False,2.0,2026.0,6.0,0.0,25.0,2.0,2875.0,2625.0,2625.0,2375.0,2375.0,2375.0,2696.4285714285716,2483.3333333333335,121.98750911856656,156.51557889491693,1.0,1.2246467991473532e-16,-1.0,0.0,1.0,-0.08695652173913043,0.0,0.10526315789473684
Thanjavur,Banana - Green,2026-06-15,4000.0,False,False,6.0,2026.0,6.0,0.0,25.0,2.0,4000.0,4000.0,4000.0,4000.0,4000.0,4000.0,4000.0,4000.0,0.0,0.0,1.0,1.2246467991473532e-16,-1.0,0.0,1.0,0.0,0.0,0.0
Thanjavur,Bhindi(Ladies Finger),2026-06-15,3700.0,False,False,6.0,2026.0,6.0,0.0,25.0,2.0,3700.0,4000.0,3800.0,3000.0,3800.0,4100.0,3842.8571428571427,3880.0,151.18578920377385,282.11027435482674,1.0,1.2246467991473532e-16,-1.0,0.0,1.0,0.0,-0.02631578947368421,-0.0975609756097561
Cuddalore,Green Chilli,2026-06-15,4750.0,False,False,4.0,2026.0,6.0,0.0,25.0,2.0,4500.0,4750.0,5000.0,5000.0,4000.0,4000.0,4750.0,4462.5,204.124145231939,415.4219915152648,1.0,1.2246467991473532e-16,-1.0,0.0,1.0,0.05555555555555555,-0.05,0.1875
Thirupathur,Mint(Pudina),2026-06-15,2875.0,False,False,2.0,2026.0,6.0,0.0,25.0,2.0,3375.0,3375.0,2875.0,2875.0,2875.0,3250.0,3125.0,3070.8333333333335,239.3567769390843,253.6019258239667,1.0,1.2246467991473532e-16,-1.0,0.0,1.0,-0.14814814814814814,0.0,-0.11538461538461539
Thanjavur,Bitter Gourd,2026-06-15,4500.0,False,False,5.0,2026.0,6.0,0.0,25.0,2.0,5000.0,4500.0,4950.0,5250.0,5500.0,5250.0,4835.714285714285,5055.0,566.2113016315033,395.52453169483806,1.0,1.2246467991473532e-16,-1.0,0.0,1.0,-0.1,-0.09090909090909091,-0.14285714285714285
Thanjavur,Cabbage,2026-06-15,5400.0,False,False,4.0,2026.0,6.0,0.0,25.0,2.0,5400.0,5400.0,5400.0,4900.0,4100.0,3600.0,5442.857142857143,4696.666666666667,113.38934190276613,630.5352588425648,1.0,1.2246467991473532e-16,-1.0,0.0,1.0,0.0,0.0,0.5
Thirupathur,Green Chilli,2026-06-15,4750.0,False,False,2.0,2026.0,6.0,0.0,25.0,2.0,4250.0,4250.0,4250.0,4750.0,4250.0,4250.0,4678.571428571428,4466.666666666667,449.8677054212186,363.9660208973577,1.0,1.2246467991473532e-16,-1.0,0.0,1.0,0.11764705882352941,0.11764705882352941,0.11764705882352941
Tenkasi,Pumpkin,2026-06-15,2250.0,False,False,2.0,2026.0,6.0,0.0,25.0,2.0,2150.0,2250.0,2200.0,2000.0,1750.0,1550.0,2157.1428571428573,2010.0,87.45747265848411,238.22258499143305,1.0,1.2246467991473532e-16,-1.0,0.0,1.0,0.046511627906976744,0.022727272727272728,0.45161290322580644
Tenkasi,Bhindi(Ladies Finger),2026-06-15,3250.0,False,False,2.0,2026.0,6.0,0.0,25.0,2.0,3250.0,3250.0,2875.0,2375.0,2875.0,3250.0,3089.285714285714,2970.8333333333335,247.00588001483501,368.0144378102271,1.0,1.2246467991473532e-16,-1.0,0.0,1.0,0.0,0.13043478260869565,0.0
Thirupur,Bitter Gourd,2026-06-15,4800.0,False,False,2.0,2026.0,6.0,0.0,25.0,2.0,5000.0,4800.0,4500.0,5250.0,5200.0,5425.0,4642.857142857143,5103.333333333333,220.65918560189408,430.8538702057403,1.0,1.2246467991473532e-16,-1.0,0.0,1.0,-0.04,0.06666666666666667,-0.1152073732718894
Tenkasi,Banana - Green,2026-06-15,3000.0,False,False,2.0,2026.0,6.0,0.0,25.0,2.0,3000.0,3000.0,2750.0,2875.0,2750.0,2625.0,2821.4285714285716,2770.8333333333335,141.73667737846597,139.5935190999938,1.0,1.2246467991473532e-16,-1.0,0.0,1.0,0.0,0.09090909090909091,0.14285714285714285
Thirupur,Onion,2026-06-15,2950.0,False,False,4.0,2026.0,6.0,0.0,25.0,2.0,2750.0,2750.0,2700.0,2500.0,2500.0,2500.0,2710.714285714286,2556.6666666666665,64.31877456779496,116.51056880659888,1.0,1.2246467991473532e-16,-1.0,0.0,1.0,0.07272727272727272,0.09259259259259259,0.18
Sivaganga,Banana - Green,2026-06-15,2750.0,False,False,5.0,2026.0,6.0,0.0,25.0,2.0,2750.0,2750.0,2750.0,2750.0,2750.0,2750.0,2807.1428571428573,2788.3333333333335,101.77004891982142,80.604754430381,1.0,1.2246467991473532e-16,-1.0,0.0,1.0,0.0,0.0,0.0
Sivaganga,Bhindi(Ladies Finger),2026-06-15,3200.0,False,False,5.0,2026.0,6.0,0.0,25.0,2.0,3300.0,3400.0,2750.0,1600.0,2700.0,2900.0,3000.0,2571.6666666666665,337.88558221186884,521.5499667492255,1.0,1.2246467991473532e-16,-1.0,0.0,1.0,-0.030303030303030304,0.16363636363636364,0.10344827586206896
Dharmapuri,Banana - Green,2026-06-15,2700.0,False,False,6.0,2026.0,6.0,0.0,25.0,2.0,2700.0,2750.0,2700.0,2900.0,2825.0,2825.0,2707.1428571428573,2784.1666666666665,18.89822365046132,90.84928152729171,1.0,1.2246467991473532e-16,-1.0,0.0,1.0,0.0,0.0,-0.04424778761061947
Thirupur,Mint(Pudina),2026-06-15,2300.0,False,False,5.0,2026.0,6.0,0.0,25.0,2.0,2300.0,2300.0,2250.0,2250.0,2250.0,2250.0,2285.714285714286,2295.0,24.39750182371213,125.49900398011509,1.0,1.2246467991473532e-16,-1.0,0.0,1.0,0.0,0.022222222222222223,0.022222222222222223
Sivaganga,Bitter Gourd,2026-06-15,5100.0,False,False,1.0,2026.0,6.0,0.0,25.0,2.0,4600.0,4600.0,3700.0,3200.0,5000.0,3850.0,4866.666666666667,4457.407407407408,852.4474568362932,753.0328044371009,1.0,1.2246467991473532e-16,-1.0,0.0,1.0,0.10869565217391304,0.3783783783783784,0.3246753246753247
Thirupur,Green Chilli,2026-06-15,4500.0,False,False,5.0,2026.0,6.0,0.0,25.0,2.0,5200.0,5500.0,5500.0,5500.0,4750.0,5250.0,5414.285714285715,5190.0,146.38501094228,375.4078242162321,1.0,1.2246467991473532e-16,-1.0,0.0,1.0,-0.1346153846153846,-0.18181818181818182,-0.14285714285714285
Sivaganga,Cabbage,2026-06-15,4600.0,False,False,5.0,2026.0,6.0,0.0,25.0,2.0,4600.0,4600.0,5100.0,3850.0,3400.0,3400.0,4657.142857142857,4116.666666666667,198.80595947760156,641.0300618769065,1.0,1.2246467991473532e-16,-1.0,0.0,1.0,0.0,-0.09803921568627451,0.35294117647058826
Sivaganga,Coconut,2026-06-15,5250.0,False,False,5.0,2026.0,6.0,0.0,25.0,2.0,5250.0,5250.0,5250.0,5700.0,5700.0,5500.0,5221.428571428572,5493.333333333333,56.69467095135331,235.52338390872447,1.0,1.2246467991473532e-16,-1.0,0.0,1.0,0.0,0.0,-0.045454545454545456
Cuddalore,Tomato,2026-06-15,4000.0,False,False,3.0,2026.0,6.0,0.0,25.0,2.0,4000.0,4200.0,4400.0,3400.0,4000.0,4000.0,4285.714285714285,3860.0,226.77868380553338,449.213872724643,1.0,1.2246467991473532e-16,-1.0,0.0,1.0,0.0,-0.09090909090909091,0.0
Virudhunagar,Pumpkin,2026-06-15,2250.0,False,False,8.0,2026.0,6.0,0.0,25.0,2.0,2250.0,2250.0,2250.0,2075.0,2250.0,2250.0,2250.0,2244.1666666666665,0.0,31.950482521249565,1.0,1.2246467991473532e-16,-1.0,0.0,1.0,0.0,0.0,0.0
Sivaganga,Green Chilli,2026-06-15,4600.0,False,False,5.0,2026.0,6.0,0.0,25.0,2.0,6000.0,3500.0,4750.0,4250.0,4400.0,4400.0,4221.428571428572,4655.0,934.4593547684614,804.6577769033591,1.0,1.2246467991473532e-16,-1.0,0.0,1.0,-0.2222222222222222,-0.031578947368421054,0.045454545454545456
Kallakuruchi,Green Chilli,2026-06-15,6000.0,False,False,2.0,2026.0,6.0,0.0,25.0,2.0,6000.0,6000.0,6000.0,6000.0,4500.0,4500.0,6000.0,5341.666666666667,0.0,729.5585974591005,1.0,1.2246467991473532e-16,-1.0,0.0,1.0,0.0,0.0,0.3333333333333333
Sivaganga,Mint(Pudina),2026-06-15,5700.0,False,False,5.0,2026.0,6.0,0.0,25.0,2.0,5700.0,4900.0,4900.0,4000.0,3500.0,3500.0,5028.571428571428,3968.3333333333335,298.408476836052,670.6254586183862,1.0,1.2246467991473532e-16,-1.0,0.0,1.0,0.0,0.16326530612244897,0.6285714285714286
Coimbatore,Bhindi(Ladies Finger),2026-06-15,4250.0,False,False,1.0,2026.0,6.0,0.0,25.0,2.0,4000.0,3750.0,3000.0,3750.0,4000.0,5250.0,3571.4285714285716,3738.3333333333335,374.0066207715274,537.5043437407988,1.0,1.2246467991473532e-16,-1.0,0.0,1.0,0.0625,0.4166666666666667,-0.19047619047619047
Sivaganga,Onion,2026-06-15,2700.0,False,False,5.0,2026.0,6.0,0.0,25.0,2.0,2700.0,2700.0,2700.0,2700.0,2500.0,2500.0,2785.714285714286,2720.0,157.35915849399157,207.86268677122558,1.0,1.2246467991473532e-16,-1.0,0.0,1.0,0.0,0.0,0.08
Thirupur,Coconut,2026-06-15,4200.0,False,False,5.0,2026.0,6.0,0.0,25.0,2.0,4200.0,4250.0,4250.0,4300.0,4300.0,4750.0,4242.857142857143,4376.666666666667,18.898223650474385,194.1974347878842,1.0,1.2246467991473532e-16,-1.0,0.0,1.0,0.0,-0.011764705882352941,-0.11578947368421053
Sivaganga,Pumpkin,2026-06-15,2500.0,False,False,5.0,2026.0,6.0,0.0,25.0,2.0,2500.0,2500.0,2500.0,2400.0,2200.0,2100.0,2500.0,2338.3333333333335,0.0,181.79342830452862,1.0,1.2246467991473532e-16,-1.0,0.0,1.0,0.0,0.0,0.19047619047619047
Cuddalore,Pumpkin,2026-06-15,3000.0,False,False,3.0,2026.0,6.0,0.0,25.0,2.0,3000.0,3000.0,3000.0,2250.0,2000.0,2000.0,3000.0,2350.0,0.0,443.3415434379365,1.0,1.2246467991473532e-16,-1.0,0.0,1.0,0.0,0.0,0.5
Thirupur,Cabbage,2026-06-15,3050.0,False,False,4.0,2026.0,6.0,0.0,25.0,2.0,3000.0,3000.0,3000.0,2750.0,2800.0,3000.0,3000.0,2989.1666666666665,5.922194647013781e-06,83.73895535343644,1.0,1.2246467991473532e-16,-1.0,0.0,1.0,0.016666666666666666,0.016666666666666666,0.016666666666666666
Sivaganga,Tomato,2026-06-15,4300.0,False,False,3.0,2026.0,6.0,0.0,25.0,2.0,4250.0,4400.0,5000.0,3900.0,4100.0,4200.0,4757.142857142857,4487.5,420.7419749963284,355.66535511291414,1.0,1.2246467991473532e-16,-1.0,0.0,1.0,0.011764705882352941,-0.14,0.023809523809523808
Thanjavur,Coconut,2026-06-15,6000.0,False,False,6.0,2026.0,6.0,0.0,25.0,2.0,6000.0,6000.0,6000.0,6000.0,6000.0,6000.0,6000.0,6006.666666666667,0.0,36.51483716725862,1.0,1.2246467991473532e-16,-1.0,0.0,1.0,0.0,0.0,0.0
Thanjavur,Green Chilli,2026-06-15,4400.0,False,False,6.0,2026.0,6.0,0.0,25.0,2.0,4450.0,4600.0,4600.0,5200.0,4200.0,4000.0,4585.714285714285,4690.0,184.19709940333797,345.26351755102917,1.0,1.2246467991473532e-16,-1.0,0.0,1.0,-0.011235955056179775,-0.043478260869565216,0.1
Cuddalore,Coconut,2026-06-15,5500.0,False,False,5.0,2026.0,6.0,0.0,25.0,2.0,5000.0,5000.0,5000.0,5250.0,5500.0,6000.0,5000.0,5266.666666666667,0.0,270.16384981549965,1.0,1.2246467991473532e-16,-1.0,0.0,1.0,0.1,0.1,-0.08333333333333333
Thirupathur,Coconut,2026-06-15,2250.0,False,False,2.0,2026.0,6.0,0.0,25.0,2.0,2125.0,2375.0,2375.0,2125.0,2250.0,2375.0,2321.4285714285716,2283.3333333333335,98.34947405868161,103.46024834932506,1.0,1.2246467991473532e-16,-1.0,0.0,1.0,0.058823529411764705,-0.05263157894736842,-0.05263157894736842
Thirunelveli,Onion,2026-06-15,2500.0,False,False,3.0,2026.0,6.0,0.0,25.0,2.0,2600.0,2600.0,2500.0,2350.0,2200.0,2350.0,2571.4285714285716,2401.6666666666665,48.79500364742517,165.82257517234117,1.0,1.2246467991473532e-16,-1.0,0.0,1.0,-0.038461538461538464,0.0,0.06382978723404255
Thiruchirappalli,Banana - Green,2026-06-15,2500.0,False,False,7.0,2026.0,6.0,0.0,25.0,2.0,2500.0,2500.0,2500.0,2500.0,2500.0,2500.0,2500.0,2500.0,0.0,0.0,1.0,1.2246467991473532e-16,-1.0,0.0,1.0,0.0,0.0,0.0
Cuddalore,Banana - Green,2026-06-15,2500.0,False,False,5.0,2026.0,6.0,0.0,25.0,2.0,2500.0,2500.0,2500.0,2750.0,2500.0,2500.0,2500.0,2525.0,0.0,76.28214415737189,1.0,1.2246467991473532e-16,-1.0,0.0,1.0,0.0,0.0,0.0
Thirunelveli,Mint(Pudina),2026-06-15,7250.0,False,False,3.0,2026.0,6.0,0.0,25.0,2.0,6750.0,5750.0,5750.0,5500.0,4750.0,4300.0,6000.0,5055.0,520.4164998665347,683.2162781715834,1.0,1.2246467991473532e-16,-1.0,0.0,1.0,0.07407407407407407,0.2608695652173913,0.686046511627907
Thiruchirappalli,Bhindi(Ladies Finger),2026-06-15,3300.0,False,False,7.0,2026.0,6.0,0.0,25.0,2.0,3000.0,3600.0,3600.0,2000.0,2325.0,4000.0,3514.285714285714,3195.8333333333335,226.77868380553633,637.2788099483902,1.0,1.2246467991473532e-16,-1.0,0.0,1.0,0.1,-0.08333333333333333,-0.175
Thiruchirappalli,Bitter Gourd,2026-06-15,4450.0,False,False,2.0,2026.0,6.0,0.0,25.0,2.0,4450.0,4000.0,3900.0,3750.0,4450.0,5450.0,4242.857142857143,4375.833333333333,300.5946487500136,486.60874911230064,1.0,1.2246467991473532e-16,-1.0,0.0,1.0,0.0,0.14102564102564102,-0.1834862385321101
Thirunelveli,Green Chilli,2026-06-15,4300.0,False,False,5.0,2026.0,6.0,0.0,25.0,2.0,4500.0,3800.0,4600.0,5000.0,5000.0,4250.0,4292.857142857143,4720.0,342.087429648925,360.4594768941206,1.0,1.2246467991473532e-16,-1.0,0.0,1.0,-0.044444444444444446,-0.06521739130434782,0.011764705882352941
Thiruchirappalli,Cabbage,2026-06-15,4600.0,False,False,7.0,2026.0,6.0,0.0,25.0,2.0,4600.0,4600.0,4000.0,4600.0,3600.0,3600.0,4428.571428571428,4145.0,292.77002188457607,496.6005124499033,1.0,1.2246467991473532e-16,-1.0,0.0,1.0,0.0,0.15,0.2777777777777778
Thirunelveli,Coconut,2026-06-15,4750.0,False,False,4.0,2026.0,6.0,0.0,25.0,2.0,4750.0,4750.0,4750.0,4750.0,4850.0,4850.0,4753.571428571428,4806.666666666667,9.44911182533893,51.248773464641516,1.0,1.2246467991473532e-16,-1.0,0.0,1.0,0.0,0.0,-0.020618556701030927
Thiruchirappalli,Coconut,2026-06-15,6000.0,False,False,7.0,2026.0,6.0,0.0,25.0,2.0,5600.0,6000.0,6000.0,6000.0,6000.0,5600.0,5942.857142857143,5911.666666666667,151.18578920369094,164.88414602138604,1.0,1.2246467991473532e-16,-1.0,0.0,1.0,0.07142857142857142,0.0,0.07142857142857142
Thiruchirappalli,Green Chilli,2026-06-15,3600.0,False,False,7.0,2026.0,6.0,0.0,25.0,2.0,4000.0,4200.0,4000.0,5000.0,4600.0,4250.0,4342.857142857143,4691.666666666667,538.0741673076382,468.3211639929334,1.0,1.2246467991473532e-16,-1.0,0.0,1.0,-0.1,-0.1,-0.15294117647058825
Thiruchirappalli,Mint(Pudina),2026-06-15,7000.0,False,False,7.0,2026.0,6.0,0.0,25.0,2.0,5600.0,5600.0,5600.0,4000.0,4000.0,3500.0,5600.0,4226.666666666667,0.0,799.5400976912223,1.0,1.2246467991473532e-16,-1.0,0.0,1.0,0.25,0.25,1.0
Coimbatore,Pumpkin,2026-06-15,1825.0,False,False,2.0,2026.0,6.0,0.0,25.0,2.0,1850.0,1775.0,1825.0,2000.0,1875.0,1900.0,1782.142857142857,1840.8333333333333,40.08918628686631,71.4635587546214,1.0,1.2246467991473532e-16,-1.0,0.0,1.0,-0.013513513513513514,0.0,-0.039473684210526314
Coimbatore,Mint(Pudina),2026-06-15,5400.0,False,False,2.0,2026.0,6.0,0.0,25.0,2.0,5125.0,5125.0,4750.0,3875.0,4000.0,4000.0,4982.142857142857,4270.833333333333,182.9812636778471,436.83241348515736,1.0,1.2246467991473532e-16,-1.0,0.0,1.0,0.05365853658536585,0.1368421052631579,0.35
Thirunelveli,Cabbage,2026-06-15,4900.0,False,False,3.0,2026.0,6.0,0.0,25.0,2.0,4750.0,4900.0,4750.0,4100.0,3900.0,3300.0,4814.285714285715,4221.666666666667,80.17837257374066,460.82447352795066,1.0,1.2246467991473532e-16,-1.0,0.0,1.0,0.031578947368421054,0.031578947368421054,0.48484848484848486
Thiruchirappalli,Onion,2026-06-15,3000.0,False,False,7.0,2026.0,6.0,0.0,25.0,2.0,3000.0,3200.0,3000.0,2750.0,2600.0,2750.0,3035.714285714286,2868.3333333333335,124.88089563756346,188.22369914424775,1.0,1.2246467991473532e-16,-1.0,0.0,1.0,0.0,0.0,0.09090909090909091
Thiruchirappalli,Pumpkin,2026-06-15,2400.0,False,False,7.0,2026.0,6.0,0.0,25.0,2.0,2400.0,2400.0,2200.0,2000.0,2000.0,2000.0,2314.285714285714,2086.6666666666665,157.35915849388755,163.44003083138327,1.0,1.2246467991473532e-16,-1.0,0.0,1.0,0.0,0.09090909090909091,0.2
Thirunelveli,Bitter Gourd,2026-06-15,5250.0,False,False,1.0,2026.0,6.0,0.0,25.0,2.0,5250.0,,5500.0,3500.0,5500.0,4750.0,5060.0,4901.136363636364,388.34585101426717,645.4731225605366,1.0,1.2246467991473532e-16,-1.0,0.0,1.0,0.0,-0.045454545454545456,0.10526315789473684
Thiruchirappalli,Tomato,2026-06-15,3800.0,False,False,1.0,2026.0,6.0,0.0,25.0,2.0,3950.0,4000.0,4400.0,,4400.0,4000.0,4208.333333333333,4170.37037037037,332.29003395627916,303.90384969188125,1.0,1.2246467991473532e-16,-1.0,0.0,1.0,-0.0379746835443038,-0.13636363636363635,-0.05
Thirunelveli,Banana - Green,2026-06-15,2750.0,False,False,4.0,2026.0,6.0,0.0,25.0,2.0,2825.0,2825.0,2750.0,2750.0,2750.0,2750.0,2803.5714285714284,2775.0,36.59625273556996,35.959747611405895,1.0,1.2246467991473532e-16,-1.0,0.0,1.0,-0.02654867256637168,0.0,0.0
Coimbatore,Onion,2026-06-15,2550.0,False,False,2.0,2026.0,6.0,0.0,25.0,2.0,2550.0,2450.0,2425.0,2550.0,2175.0,2150.0,2489.285714285714,2339.1666666666665,49.70148986939939,173.04117176673475,1.0,1.2246467991473532e-16,-1.0,0.0,1.0,0.0,0.05154639175257732,0.18604651162790697
Theni,Tomato,2026-06-15,3800.0,False,False,2.0,2026.0,6.0,0.0,25.0,2.0,4000.0,4500.0,4800.0,3750.0,3800.0,3750.0,4535.714285714285,4001.6666666666665,424.9649845519476,439.5301828193378,1.0,1.2246467991473532e-16,-1.0,0.0,1.0,-0.05,-0.20833333333333334,0.013333333333333334
Salem,Tomato,2026-06-15,3250.0,False,False,5.0,2026.0,6.0,0.0,25.0,2.0,3250.0,3750.0,3800.0,3100.0,3300.0,3625.0,3610.714285714286,3415.0,255.70863255257206,323.4112360234233,1.0,1.2246467991473532e-16,-1.0,0.0,1.0,0.0,-0.14473684210526316,-0.10344827586206896
Coimbatore,Green Chilli,2026-06-15,5000.0,False,False,2.0,2026.0,6.0,0.0,25.0,2.0,5000.0,5075.0,5800.0,5725.0,5650.0,5500.0,5164.285714285715,5573.333333333333,352.9214805429204,417.44983868258106,1.0,1.2246467991473532e-16,-1.0,0.0,1.0,0.0,-0.13793103448275862,-0.09090909090909091
Theni,Onion,2026-06-15,2700.0,False,False,7.0,2026.0,6.0,0.0,25.0,2.0,2750.0,2700.0,2700.0,2500.0,2500.0,2500.0,2721.4285714285716,2580.0,39.33978962347221,122.89608730899525,1.0,1.2246467991473532e-16,-1.0,0.0,1.0,-0.01818181818181818,0.0,0.08
Thanjavur,Mint(Pudina),2026-06-15,6250.0,False,False,4.0,2026.0,6.0,0.0,25.0,2.0,6000.0,6000.0,5800.0,4400.0,4200.0,3800.0,5628.571428571428,4513.333333333333,453.55736761107704,703.5541953162726,1.0,1.2246467991473532e-16,-1.0,0.0,1.0,0.041666666666666664,0.07758620689655173,0.6447368421052632
Thirupathur,Cabbage,2026-06-15,3875.0,False,False,2.0,2026.0,6.0,0.0,25.0,2.0,3750.0,3875.0,3375.0,2500.0,3375.0,3375.0,3500.0,3250.0,250.0000000000004,286.1757357361825,1.0,1.2246467991473532e-16,-1.0,0.0,1.0,0.03333333333333333,0.14814814814814814,0.14814814814814814
Thanjavur,Onion,2026-06-15,3100.0,False,False,6.0,2026.0,6.0,0.0,25.0,2.0,2800.0,3200.0,2950.0,2775.0,2775.0,2800.0,3107.1428571428573,2880.0,166.90459207925818,155.1417594242208,1.0,1.2246467991473532e-16,-1.0,0.0,1.0,0.10714285714285714,0.05084745762711865,0.10714285714285714
Thanjavur,Pumpkin,2026-06-15,2550.0,False,False,6.0,2026.0,6.0,0.0,25.0,2.0,2400.0,2400.0,2400.0,2500.0,2400.0,2400.0,2435.714285714286,2450.8333333333335,74.8013241543092,72.65985152054357,1.0,1.2246467991473532e-16,-1.0,0.0,1.0,0.0625,0.0625,0.0625
Cuddalore,Cabbage,2026-06-15,5000.0,False,False,3.0,2026.0,6.0,0.0,25.0,2.0,5000.0,5000.0,5000.0,4500.0,4000.0,3500.0,5000.0,4233.333333333333,0.0,688.368051780896,1.0,1.2246467991473532e-16,-1.0,0.0,1.0,0.0,0.0,0.42857142857142855
Thirupathur,Bitter Gourd,2026-06-15,5250.0,False,False,2.0,2026.0,6.0,0.0,25.0,2.0,5250.0,5250.0,4750.0,4750.0,4750.0,4250.0,5035.714285714285,4650.0,267.2612419124249,402.5778999364443,1.0,1.2246467991473532e-16,-1.0,0.0,1.0,0.0,0.10526315789473684,0.23529411764705882
Thanjavur,Tomato,2026-06-15,4000.0,False,False,6.0,2026.0,6.0,0.0,25.0,2.0,4500.0,4400.0,4600.0,4100.0,4100.0,3900.0,4628.571428571428,4245.0,368.39419880651263,330.1906450355432,1.0,1.2246467991473532e-16,-1.0,0.0,1.0,-0.1111111111111111,-0.13043478260869565,0.02564102564102564
Theni,Banana - Green,2026-06-15,2400.0,False,False,7.0,2026.0,6.0,0.0,25.0,2.0,2500.0,2500.0,2250.0,2500.0,2500.0,2500.0,2432.1428571428573,2466.6666666666665,98.65162369240807,66.41475393492445,1.0,1.2246467991473532e-16,-1.0,0.0,1.0,-0.04,0.06666666666666667,-0.04
Coimbatore,Coconut,2026-06-15,4225.0,False,False,2.0,2026.0,6.0,0.0,25.0,2.0,4225.0,4250.0,4300.0,4325.0,4425.0,4625.0,4253.571428571428,4407.5,22.493385271265897,146.0913153263684,1.0,1.2246467991473532e-16,-1.0,0.0,1.0,0.0,-0.01744186046511628,-0.08648648648648649
Theni,Bhindi(Ladies Finger),2026-06-15,4000.0,False,False,7.0,2026.0,6.0,0.0,25.0,2.0,4500.0,3500.0,2900.0,1500.0,2200.0,3000.0,3285.714285714286,2563.3333333333335,648.5331434053643,754.0617981321544,1.0,1.2246467991473532e-16,-1.0,0.0,1.0,-0.1111111111111111,0.3793103448275862,0.3333333333333333
Thirupathur,Bhindi(Ladies Finger),2026-06-15,2375.0,False,False,2.0,2026.0,6.0,0.0,25.0,2.0,2375.0,2250.0,2375.0,2750.0,3750.0,4250.0,2375.0,3170.8333333333335,176.77669529665505,626.707437839761,1.0,1.2246467991473532e-16,-1.0,0.0,1.0,0.0,0.0,-0.4411764705882353
Theni,Bitter Gourd,2026-06-15,3800.0,False,False,2.0,2026.0,6.0,0.0,25.0,2.0,3000.0,3000.0,3000.0,3550.0,4550.0,5000.0,3035.714285714286,3811.6666666666665,224.9338527106078,759.9266449777351,1.0,1.2246467991473532e-16,-1.0,0.0,1.0,0.26666666666666666,0.26666666666666666,-0.24
Cuddalore,Bitter Gourd,2026-06-15,6000.0,False,False,4.0,2026.0,6.0,0.0,25.0,2.0,6250.0,6000.0,6000.0,6000.0,6000.0,7000.0,6035.714285714285,6216.666666666667,94.49111825230689,369.83997782205097,1.0,1.2246467991473532e-16,-1.0,0.0,1.0,-0.04,0.0,-0.14285714285714285
Thirupathur,Banana - Green,2026-06-15,2875.0,False,False,2.0,2026.0,6.0,0.0,25.0,2.0,2875.0,2875.0,2875.0,2875.0,2875.0,2875.0,2875.0,2883.3333333333335,0.0,146.56017555077818,1.0,1.2246467991473532e-16,-1.0,0.0,1.0,0.0,0.0,0.0
Theni,Cabbage,2026-06-15,4700.0,False,False,7.0,2026.0,6.0,0.0,25.0,2.0,4400.0,4200.0,4500.0,4200.0,3800.0,3500.0,4450.0,4133.333333333333,132.2875655532376,299.7364742953282,1.0,1.2246467991473532e-16,-1.0,0.0,1.0,0.06818181818181818,0.044444444444444446,0.34285714285714286
Theni,Coconut,2026-06-15,4000.0,False,False,7.0,2026.0,6.0,0.0,25.0,2.0,4000.0,4000.0,4000.0,4350.0,4400.0,4600.0,4000.0,4279.166666666667,0.0,215.16666889234725,1.0,1.2246467991473532e-16,-1.0,0.0,1.0,0.0,0.0,-0.13043478260869565
Thirunelveli,Tomato,2026-06-15,4750.0,False,False,2.0,2026.0,6.0,0.0,25.0,2.0,4850.0,,5350.0,4400.0,4600.0,4400.0,5241.666666666667,4818.75,336.7739103117451,335.0390386319385,1.0,1.2246467991473532e-16,-1.0,0.0,1.0,-0.020618556701030927,-0.11214953271028037,0.07954545454545454
Theni,Green Chilli,2026-06-15,6000.0,False,False,7.0,2026.0,6.0,0.0,25.0,2.0,6000.0,4000.0,5000.0,7000.0,5200.0,5250.0,4757.142857142857,5194.166666666667,720.2016913271397,785.9401171946879,1.0,1.2246467991473532e-16,-1.0,0.0,1.0,0.0,0.2,0.14285714285714285
Theni,Mint(Pudina),2026-06-15,7000.0,False,False,7.0,2026.0,6.0,0.0,25.0,2.0,6000.0,6000.0,6000.0,3500.0,3400.0,3000.0,6000.0,3996.6666666666665,0.0,1183.3568072789187,1.0,1.2246467991473532e-16,-1.0,0.0,1.0,0.16666666666666666,0.16666666666666666,1.3333333333333333
Cuddalore,Bhindi(Ladies Finger),2026-06-15,4000.0,False,False,5.0,2026.0,6.0,0.0,25.0,2.0,3000.0,3000.0,2500.0,2500.0,4000.0,3500.0,2892.8571428571427,3208.3333333333335,196.6989481173623,730.5917928748531,1.0,1.2246467991473532e-16,-1.0,0.0,1.0,0.2962962962962963,0.5,0.14285714285714285
Thirunelveli,Pumpkin,2026-06-15,1500.0,False,False,5.0,2026.0,6.0,0.0,25.0,2.0,1500.0,1500.0,1700.0,1500.0,1900.0,1700.0,1585.7142857142858,1706.6666666666667,106.90449676496948,161.74337556831574,1.0,1.2246467991473532e-16,-1.0,0.0,1.0,0.0,-0.11764705882352941,-0.11764705882352941
Theni,Pumpkin,2026-06-15,1700.0,False,False,7.0,2026.0,6.0,0.0,25.0,2.0,1700.0,1800.0,1700.0,1700.0,1700.0,1700.0,1742.857142857143,1730.0,53.452248382484754,44.72135955001664,1.0,1.2246467991473532e-16,-1.0,0.0,1.0,0.0,0.0,0.0
Nilgiris,Coconut,2026-06-15,4750.0,False,False,3.0,2026.0,6.0,0.0,25.0,2.0,4750.0,4750.0,4750.0,4250.0,4750.0,4750.0,4750.0,4725.0,0.0001147160930508579,100.64447498407254,1.0,1.2246467991473532e-16,-1.0,0.0,1.0,0.0,0.0,0.0
Salem,Pumpkin,2026-06-15,2225.0,False,False,12.0,2026.0,6.0,0.0,25.0,2.0,2200.0,2100.0,2100.0,2150.0,1950.0,1900.0,2135.714285714286,2023.3333333333333,47.559486560567414,104.8260737943113,1.0,1.2246467991473532e-16,-1.0,0.0,1.0,0.011363636363636364,0.05952380952380952,0.17105263157894737
Coimbatore,Banana - Green,2026-06-15,4000.0,False,False,2.0,2026.0,6.0,0.0,25.0,2.0,4000.0,3975.0,3975.0,3975.0,3975.0,3200.0,3982.1428571428573,3765.8333333333335,12.198750911867046,347.8680966166312,1.0,1.2246467991473532e-16,-1.0,0.0,1.0,0.0,0.006289308176100629,0.25
Thiruvarur,Onion,2026-06-15,3700.0,False,False,5.0,2026.0,6.0,0.0,25.0,2.0,3200.0,3700.0,3500.0,3400.0,3200.0,3200.0,3585.714285714286,3380.0,247.84787961282092,193.69367924459954,1.0,1.2246467991473532e-16,-1.0,0.0,1.0,0.15625,0.05714285714285714,0.15625
Pudukkottai,Banana - Green,2026-06-15,2750.0,False,False,7.0,2026.0,6.0,0.0,25.0,2.0,2750.0,2750.0,2750.0,2750.0,2750.0,2750.0,2750.0,2750.0,0.0,3.263125438245095e-05,1.0,1.2246467991473532e-16,-1.0,0.0,1.0,0.0,0.0,0.0
Pudukkottai,Bhindi(Ladies Finger),2026-06-15,2750.0,False,False,7.0,2026.0,6.0,0.0,25.0,2.0,3250.0,3250.0,3250.0,1750.0,2250.0,3650.0,3285.714285714286,2910.0,94.49111825230679,649.3232551319857,1.0,1.2246467991473532e-16,-1.0,0.0,1.0,-0.15384615384615385,-0.15384615384615385,-0.2465753424657534
Pudukkottai,Bitter Gourd,2026-06-15,7125.0,False,False,2.0,2026.0,6.0,0.0,25.0,2.0,7500.0,7500.0,7125.0,6750.0,6625.0,5750.0,7375.0,6588.333333333333,360.8439182434965,730.5740932630666,1.0,1.2246467991473532e-16,-1.0,0.0,1.0,-0.05,0.0,0.2391304347826087
Dindigul,Banana - Green,2026-06-15,2600.0,False,False,4.0,2026.0,6.0,0.0,25.0,2.0,2600.0,2625.0,2325.0,2250.0,2250.0,2250.0,2439.285714285714,2280.8333333333335,132.96078906418668,121.00216109022625,1.0,1.2246467991473532e-16,-1.0,0.0,1.0,0.0,0.11827956989247312,0.15555555555555556
Chengalpattu,Coconut,2026-06-15,6500.0,False,False,1.0,2026.0,6.0,0.0,25.0,2.0,6500.0,5750.0,5625.0,5750.0,5625.0,5625.0,5803.571428571428,5666.666666666667,313.3915852640067,257.0835545556698,1.0,1.2246467991473532e-16,-1.0,0.0,1.0,0.0,0.15555555555555556,0.15555555555555556
Thiruvarur,Mint(Pudina),2026-06-15,5000.0,False,False,5.0,2026.0,6.0,0.0,25.0,2.0,6000.0,5000.0,5000.0,5000.0,4500.0,4000.0,5500.0,4833.333333333333,499.99999999999943,592.0934999167738,1.0,1.2246467991473532e-16,-1.0,0.0,1.0,-0.16666666666666666,0.0,0.25
Pudukkottai,Cabbage,2026-06-15,4500.0,False,False,1.0,2026.0,6.0,0.0,25.0,2.0,4500.0,4500.0,4500.0,4500.0,3500.0,3500.0,4457.142857142857,4173.333333333333,329.68238683690197,476.650188606734,1.0,1.2246467991473532e-16,-1.0,0.0,1.0,0.0,0.0,0.2857142857142857
Pudukkottai,Coconut,2026-06-15,3500.0,False,False,7.0,2026.0,6.0,0.0,25.0,2.0,3750.0,3750.0,3750.0,3750.0,3750.0,3750.0,3750.0,3740.0,0.0,30.51285766303867,1.0,1.2246467991473532e-16,-1.0,0.0,1.0,-0.06666666666666667,-0.06666666666666667,-0.06666666666666667
Dindigul,Bhindi(Ladies Finger),2026-06-15,2875.0,False,False,4.0,2026.0,6.0,0.0,25.0,2.0,2875.0,2875.0,2475.0,1975.0,2275.0,3125.0,2814.285714285714,2622.5,149.90076082274646,418.0388325469772,1.0,1.2246467991473532e-16,-1.0,0.0,1.0,0.0,0.16161616161616163,-0.08
Thiruvarur,Green Chilli,2026-06-15,3600.0,False,False,7.0,2026.0,6.0,0.0,25.0,2.0,4000.0,4000.0,4800.0,5000.0,4000.0,3400.0,4314.285714285715,4300.0,397.61191895520665,480.6604651504406,1.0,1.2246467991473532e-16,-1.0,0.0,1.0,-0.1,-0.25,0.058823529411764705
Dharmapuri,Tomato,2026-06-15,3325.0,False,False,2.0,2026.0,6.0,0.0,25.0,2.0,3250.0,3700.0,3650.0,2800.0,3400.0,3200.0,3528.5714285714284,3316.6666666666665,239.54321610299695,296.41051837324807,1.0,1.2246467991473532e-16,-1.0,0.0,1.0,0.023076923076923078,-0.08904109589041095,0.0390625
Thiruvarur,Coconut,2026-06-15,4000.0,False,False,7.0,2026.0,6.0,0.0,25.0,2.0,4000.0,4000.0,4000.0,4000.0,4000.0,4000.0,4000.0,4000.0,0.0,0.0,1.0,1.2246467991473532e-16,-1.0,0.0,1.0,0.0,0.0,0.0
Pudukkottai,Mint(Pudina),2026-06-15,4750.0,False,False,6.0,2026.0,6.0,0.0,25.0,2.0,4750.0,4750.0,4750.0,4500.0,4500.0,4600.0,4750.0,4638.333333333333,0.0,214.73051809725203,1.0,1.2246467991473532e-16,-1.0,0.0,1.0,0.0,0.0,0.03260869565217391
Pudukkottai,Onion,2026-06-15,3750.0,False,False,6.0,2026.0,6.0,0.0,25.0,2.0,3750.0,3750.0,3750.0,3500.0,2750.0,2750.0,3750.0,3225.0,0.0,456.5141535744594,1.0,1.2246467991473532e-16,-1.0,0.0,1.0,0.0,0.0,0.36363636363636365
Pudukkottai,Pumpkin,2026-06-15,1250.0,False,False,7.0,2026.0,6.0,0.0,25.0,2.0,1250.0,1250.0,1250.0,1250.0,1250.0,1250.0,1250.0,1255.8333333333333,0.0,22.440854574257845,1.0,1.2246467991473532e-16,-1.0,0.0,1.0,0.0,0.0,0.0
Chengalpattu,Green Chilli,2026-06-15,4500.0,False,False,1.0,2026.0,6.0,0.0,25.0,2.0,4500.0,4750.0,4625.0,4625.0,4750.0,4625.0,4767.857142857143,4712.5,334.07655239052644,509.76456702392466,1.0,1.2246467991473532e-16,-1.0,0.0,1.0,0.0,-0.02702702702702703,-0.02702702702702703
Thiruvarur,Cabbage,2026-06-15,5600.0,False,False,3.0,2026.0,6.0,0.0,25.0,2.0,5600.0,5600.0,5000.0,4800.0,4800.0,4400.0,5257.142857142857,4820.0,320.7134902949094,348.79101538568494,1.0,1.2246467991473532e-16,-1.0,0.0,1.0,0.0,0.12,0.2727272727272727
Pudukkottai,Tomato,2026-06-15,3250.0,False,False,2.0,2026.0,6.0,0.0,25.0,2.0,3750.0,4250.0,4000.0,3250.0,4250.0,4250.0,4071.4285714285716,3950.0,472.45559126154023,355.9833394009277,1.0,1.2246467991473532e-16,-1.0,0.0,1.0,-0.13333333333333333,-0.1875,-0.23529411764705882
Dharmapuri,Pumpkin,2026-06-15,1550.0,False,False,5.0,2026.0,6.0,0.0,25.0,2.0,1550.0,1700.0,1500.0,2150.0,1500.0,1900.0,1550.0,1719.1666666666667,70.71067811865449,240.83934884903707,1.0,1.2246467991473532e-16,-1.0,0.0,1.0,0.0,0.03333333333333333,-0.18421052631578946
Pudukkottai,Green Chilli,2026-06-15,4750.0,False,False,7.0,2026.0,6.0,0.0,25.0,2.0,4750.0,4750.0,4750.0,4750.0,3750.0,3750.0,4750.0,4313.333333333333,0.0,524.88641354718,1.0,1.2246467991473532e-16,-1.0,0.0,1.0,0.0,0.0,0.26666666666666666
Perambalur,Pumpkin,2026-06-15,2200.0,False,False,1.0,2026.0,6.0,0.0,25.0,2.0,2250.0,1900.0,1900.0,2200.0,1900.0,1900.0,1950.0,1901.6666666666667,132.28756555322954,120.69006568074555,1.0,1.2246467991473532e-16,-1.0,0.0,1.0,-0.022222222222222223,0.15789473684210525,0.15789473684210525
Thiruvarur,Pumpkin,2026-06-15,2400.0,False,False,7.0,2026.0,6.0,0.0,25.0,2.0,2500.0,2500.0,2400.0,2500.0,2450.0,2000.0,2471.4285714285716,2381.6666666666665,48.79500364742589,165.82257517232802,1.0,1.2246467991473532e-16,-1.0,0.0,1.0,-0.04,0.0,0.2
Perambalur,Mint(Pudina),2026-06-15,7200.0,False,False,1.0,2026.0,6.0,0.0,25.0,2.0,6000.0,6000.0,5750.0,4500.0,4500.0,3800.0,5885.714285714285,4585.0,143.5104111039905,791.1307926218551,1.0,1.2246467991473532e-16,-1.0,0.0,1.0,0.2,0.25217391304347825,0.8947368421052632
Thiruvellore,Green Chilli,2026-06-15,5000.0,False,False,5.0,2026.0,6.0,0.0,25.0,2.0,5000.0,5000.0,5500.0,5000.0,4500.0,4000.0,5142.857142857143,4850.0,243.97501823713336,559.4023904871631,1.0,1.2246467991473532e-16,-1.0,0.0,1.0,0.0,-0.09090909090909091,0.25
Nilgiris,Green Chilli,2026-06-15,5250.0,False,False,3.0,2026.0,6.0,0.0,25.0,2.0,4750.0,4750.0,4750.0,5750.0,4750.0,5250.0,4964.285714285715,5050.0,267.26124191241956,379.4278814759831,1.0,1.2246467991473532e-16,-1.0,0.0,1.0,0.10526315789473684,0.10526315789473684,0.0
Thiruvellore,Coconut,2026-06-15,6000.0,False,False,4.0,2026.0,6.0,0.0,25.0,2.0,6000.0,6000.0,6000.0,6000.0,6000.0,6000.0,5964.285714285715,5991.666666666667,94.49111825230689,45.64354645876387,1.0,1.2246467991473532e-16,-1.0,0.0,1.0,0.0,0.0,0.0
Nilgiris,Mint(Pudina),2026-06-15,4750.0,False,False,3.0,2026.0,6.0,0.0,25.0,2.0,4750.0,4750.0,4750.0,4750.0,4750.0,4750.0,4750.0,4750.0,0.0,0.0,1.0,1.2246467991473532e-16,-1.0,0.0,1.0,0.0,0.0,0.0
Nilgiris,Onion,2026-06-15,3000.0,False,False,3.0,2026.0,6.0,0.0,25.0,2.0,3000.0,3000.0,3000.0,3100.0,2750.0,2600.0,3035.714285714286,2860.0,47.559486560563066,228.7145487885522,1.0,1.2246467991473532e-16,-1.0,0.0,1.0,0.0,0.0,0.15384615384615385
Thiruvellore,Cabbage,2026-06-15,4500.0,False,False,2.0,2026.0,6.0,0.0,25.0,2.0,4500.0,4500.0,4500.0,4000.0,3500.0,3500.0,4357.142857142857,3966.6666666666665,377.96447300922716,392.45762638245446,1.0,1.2246467991473532e-16,-1.0,0.0,1.0,0.0,0.0,0.2857142857142857
Nilgiris,Pumpkin,2026-06-15,1750.0,False,False,3.0,2026.0,6.0,0.0,25.0,2.0,1900.0,1750.0,1750.0,1900.0,1750.0,1900.0,1835.7142857142858,1810.0,80.17837257372734,74.7409318683989,1.0,1.2246467991473532e-16,-1.0,0.0,1.0,-0.07894736842105263,0.0,-0.07894736842105263
Nilgiris,Tomato,2026-06-15,4200.0,False,False,3.0,2026.0,6.0,0.0,25.0,2.0,4425.0,4750.0,4550.0,4150.0,4225.0,3975.0,4675.0,4320.833333333333,133.0726618555818,258.40052889528187,1.0,1.2246467991473532e-16,-1.0,0.0,1.0,-0.05084745762711865,-0.07692307692307693,0.05660377358490566
Dindigul,Cabbage,2026-06-15,4500.0,False,False,3.0,2026.0,6.0,0.0,25.0,2.0,4500.0,4500.0,4500.0,4500.0,3300.0,3300.0,4500.0,4020.0,0.0,524.1742274183713,1.0,1.2246467991473532e-16,-1.0,0.0,1.0,0.0,0.0,0.36363636363636365
Thiruvellore,Bitter Gourd,2026-06-15,5000.0,False,False,3.0,2026.0,6.0,0.0,25.0,2.0,5000.0,5000.0,5000.0,4500.0,4250.0,4000.0,5000.0,4591.666666666667,0.0,362.4826591175412,1.0,1.2246467991473532e-16,-1.0,0.0,1.0,0.0,0.0,0.25
Perambalur,Banana - Green,2026-06-15,3500.0,False,False,1.0,2026.0,6.0,0.0,25.0,2.0,3500.0,3500.0,3500.0,3500.0,3500.0,3500.0,3500.0,3500.0,0.0,5.833644660687425e-05,1.0,1.2246467991473532e-16,-1.0,0.0,1.0,0.0,0.0,0.0
Thiruvellore,Bhindi(Ladies Finger),2026-06-15,4500.0,False,False,5.0,2026.0,6.0,0.0,25.0,2.0,4000.0,4000.0,4000.0,4000.0,4000.0,4250.0,4035.714285714286,4075.0,94.49111825230679,133.74577015549826,1.0,1.2246467991473532e-16,-1.0,0.0,1.0,0.125,0.125,0.058823529411764705
Perambalur,Bhindi(Ladies Finger),2026-06-15,3600.0,False,False,1.0,2026.0,6.0,0.0,25.0,2.0,3800.0,3800.0,2900.0,2400.0,3800.0,3800.0,3371.4285714285716,3171.6666666666665,467.1341196212105,553.7775187111594,1.0,1.2246467991473532e-16,-1.0,0.0,1.0,-0.05263157894736842,0.2413793103448276,-0.05263157894736842
Perambalur,Bitter Gourd,2026-06-15,5200.0,False,False,1.0,2026.0,6.0,0.0,25.0,2.0,5000.0,5800.0,5200.0,5000.0,4800.0,6000.0,5085.714285714285,5153.846153846154,338.76526498728606,409.12664956540493,1.0,1.2246467991473532e-16,-1.0,0.0,1.0,0.04,0.0,-0.13333333333333333
Perambalur,Cabbage,2026-06-15,5200.0,False,False,1.0,2026.0,6.0,0.0,25.0,2.0,5200.0,5200.0,4800.0,5000.0,4000.0,3400.0,5042.857142857143,4501.666666666667,198.80595947759647,547.1687839788916,1.0,1.2246467991473532e-16,-1.0,0.0,1.0,0.0,0.08333333333333333,0.5294117647058824
Dindigul,Bitter Gourd,2026-06-15,4650.0,False,False,2.0,2026.0,6.0,0.0,25.0,2.0,4125.0,3000.0,3200.0,3875.0,3250.0,4500.0,3560.714285714286,3762.5,503.2927293619175,674.0494584329793,1.0,1.2246467991473532e-16,-1.0,0.0,1.0,0.12727272727272726,0.453125,0.03333333333333333
Chengalpattu,Cabbage,2026-06-15,4000.0,False,False,2.0,2026.0,6.0,0.0,25.0,2.0,3750.0,3875.0,3750.0,3500.0,3250.0,2750.0,3714.285714285714,3262.5,213.04202581159277,492.7819514999898,1.0,1.2246467991473532e-16,-1.0,0.0,1.0,0.06666666666666667,0.06666666666666667,0.45454545454545453
Thiruvellore,Banana - Green,2026-06-15,4000.0,False,False,4.0,2026.0,6.0,0.0,25.0,2.0,4000.0,4000.0,4000.0,4000.0,4000.0,4000.0,4000.0,4000.0,0.0,0.0,1.0,1.2246467991473532e-16,-1.0,0.0,1.0,0.0,0.0,0.0
Perambalur,Coconut,2026-06-15,5500.0,False,False,1.0,2026.0,6.0,0.0,25.0,2.0,5500.0,5500.0,5500.0,5500.0,5500.0,5500.0,5500.0,5500.0,0.0,0.0001576981969938105,1.0,1.2246467991473532e-16,-1.0,0.0,1.0,0.0,0.0,0.0
Perambalur,Green Chilli,2026-06-15,4500.0,False,False,1.0,2026.0,6.0,0.0,25.0,2.0,4500.0,4750.0,4100.0,5000.0,5000.0,4600.0,4607.142857142857,4961.666666666667,381.2573184309021,445.0267975917023,1.0,1.2246467991473532e-16,-1.0,0.0,1.0,0.0,0.0975609756097561,-0.021739130434782608
Thiruvarur,Tomato,2026-06-15,3000.0,False,False,6.0,2026.0,6.0,0.0,25.0,2.0,4000.0,4200.0,4550.0,3800.0,3800.0,3300.0,4450.0,4030.0,405.1748593714468,364.73892410683067,1.0,1.2246467991473532e-16,-1.0,0.0,1.0,-0.2222222222222222,-0.3333333333333333,-0.09090909090909091
Thiruvarur,Bitter Gourd,2026-06-15,5000.0,False,False,7.0,2026.0,6.0,0.0,25.0,2.0,5000.0,5600.0,5800.0,6000.0,6000.0,5000.0,5471.428571428572,5418.333333333333,249.7617912751116,432.4117078173228,1.0,1.2246467991473532e-16,-1.0,0.0,1.0,0.0,-0.13793103448275862,0.0
Ramanathapuram,Banana - Green,2026-06-15,3100.0,False,False,3.0,2026.0,6.0,0.0,25.0,2.0,3250.0,3000.0,3250.0,3250.0,3250.0,3250.0,3192.8571428571427,3233.3333333333335,101.77004891982142,107.74597626963869,1.0,1.2246467991473532e-16,-1.0,0.0,1.0,-0.046153846153846156,-0.046153846153846156,-0.046153846153846156
Ramanathapuram,Bhindi(Ladies Finger),2026-06-15,3250.0,False,False,3.0,2026.0,6.0,0.0,25.0,2.0,3250.0,3250.0,3250.0,4250.0,4650.0,4250.0,3342.8571428571427,4000.0,164.38920136009102,539.7956190492871,1.0,1.2246467991473532e-16,-1.0,0.0,1.0,0.0,0.0,-0.23529411764705882
Thiruvarur,Bhindi(Ladies Finger),2026-06-15,4200.0,False,False,7.0,2026.0,6.0,0.0,25.0,2.0,4200.0,3400.0,3600.0,3200.0,4000.0,3400.0,3685.714285714286,3580.0,302.37157840738047,440.53259302488493,1.0,1.2246467991473532e-16,-1.0,0.0,1.0,0.0,0.16666666666666666,0.23529411764705882
Thiruvannamalai,Coconut,2026-06-15,4500.0,False,False,8.0,2026.0,6.0,0.0,25.0,2.0,4500.0,4500.0,4500.0,4500.0,4500.0,4500.0,4500.0,4500.0,2.845883047366493e-05,4.821416528323464e-05,1.0,1.2246467991473532e-16,-1.0,0.0,1.0,0.0,0.0,0.0
Ranipet,Mint(Pudina),2026-06-15,4000.0,False,False,2.0,2026.0,6.0,0.0,25.0,2.0,3750.0,3000.0,4000.0,2500.0,2000.0,2000.0,3428.5714285714284,2658.3333333333335,426.0840516231739,717.6450151823624,1.0,1.2246467991473532e-16,-1.0,0.0,1.0,0.06666666666666667,0.0,1.0
Ranipet,Onion,2026-06-15,2700.0,False,False,2.0,2026.0,6.0,0.0,25.0,2.0,2775.0,2625.0,2700.0,2325.0,2125.0,2050.0,2657.1428571428573,2325.0,83.80817098474013,237.80606413205714,1.0,1.2246467991473532e-16,-1.0,0.0,1.0,-0.02702702702702703,0.0,0.3170731707317073
Thiruvannamalai,Cabbage,2026-06-15,3300.0,False,False,6.0,2026.0,6.0,0.0,25.0,2.0,3475.0,3825.0,3000.0,3625.0,2750.0,2750.0,3450.0,3135.0,353.553390593274,420.00615759032127,1.0,1.2246467991473532e-16,-1.0,0.0,1.0,-0.050359712230215826,0.1,0.2
Ranipet,Pumpkin,2026-06-15,3500.0,False,False,2.0,2026.0,6.0,0.0,25.0,2.0,3500.0,3375.0,3375.0,2750.0,3000.0,3000.0,3428.5714285714284,3087.5,66.81531047811045,268.99798102049306,1.0,1.2246467991473532e-16,-1.0,0.0,1.0,0.0,0.037037037037037035,0.16666666666666666
Dharmapuri,Cabbage,2026-06-15,4625.0,False,False,6.0,2026.0,6.0,0.0,25.0,2.0,4600.0,4450.0,4275.0,3975.0,3650.0,3575.0,4410.714285714285,3971.6666666666665,106.90449676492831,350.53735433137837,1.0,1.2246467991473532e-16,-1.0,0.0,1.0,0.005434782608695652,0.08187134502923976,0.2937062937062937
Chengalpattu,Tomato,2026-06-15,4500.0,False,False,1.0,2026.0,6.0,0.0,25.0,2.0,4500.0,4125.0,3750.0,3500.0,3500.0,2750.0,4178.571428571428,3718.75,337.4007790659166,417.53381987668985,1.0,1.2246467991473532e-16,-1.0,0.0,1.0,0.0,0.2,0.6363636363636364
Salem,Banana - Green,2026-06-15,2200.0,False,False,13.0,2026.0,6.0,0.0,25.0,2.0,2200.0,2200.0,2250.0,2250.0,2250.0,2200.0,2228.5714285714284,2233.3333333333335,26.726124191252048,23.973165074321848,1.0,1.2246467991473532e-16,-1.0,0.0,1.0,0.0,-0.022222222222222223,0.0
Thiruvannamalai,Bitter Gourd,2026-06-15,5500.0,False,False,5.0,2026.0,6.0,0.0,25.0,2.0,5500.0,4500.0,4450.0,4400.0,4400.0,4025.0,5064.285714285715,4596.666666666667,460.71889993996524,431.4537041799197,1.0,1.2246467991473532e-16,-1.0,0.0,1.0,0.0,0.23595505617977527,0.36645962732919257
Salem,Bhindi(Ladies Finger),2026-06-15,2750.0,False,False,13.0,2026.0,6.0,0.0,25.0,2.0,2700.0,2750.0,2250.0,1625.0,2750.0,3500.0,2607.1428571428573,2613.3333333333335,200.89087300609677,537.9051533709049,1.0,1.2246467991473532e-16,-1.0,0.0,1.0,0.018518518518518517,0.2222222222222222,-0.21428571428571427
Salem,Bitter Gourd,2026-06-15,4750.0,False,False,5.0,2026.0,6.0,0.0,25.0,2.0,4850.0,4750.0,4500.0,4250.0,4800.0,4725.0,4750.0,4673.333333333333,138.44373104865028,194.08642464085506,1.0,1.2246467991473532e-16,-1.0,0.0,1.0,-0.020618556701030927,0.05555555555555555,0.005291005291005291
Thiruvannamalai,Bhindi(Ladies Finger),2026-06-15,3675.0,False,False,8.0,2026.0,6.0,0.0,25.0,2.0,3300.0,3300.0,2750.0,2750.0,3300.0,3650.0,3121.4285714285716,3278.3333333333335,375.1190287285967,390.93904043130914,1.0,1.2246467991473532e-16,-1.0,0.0,1.0,0.11363636363636363,0.33636363636363636,0.00684931506849315
Salem,Cabbage,2026-06-15,4200.0,False,False,13.0,2026.0,6.0,0.0,25.0,2.0,4200.0,4100.0,3750.0,3750.0,3250.0,3250.0,4028.5714285714284,3598.3333333333335,172.86107827082535,329.96429622250207,1.0,1.2246467991473532e-16,-1.0,0.0,1.0,0.0,0.12,0.2923076923076923
Dharmapuri,Bitter Gourd,2026-06-15,4300.0,False,False,2.0,2026.0,6.0,0.0,25.0,2.0,4600.0,4500.0,4325.0,3850.0,4575.0,4175.0,4435.714285714285,4198.333333333333,254.48360411213892,307.30568105584683,1.0,1.2246467991473532e-16,-1.0,0.0,1.0,-0.06521739130434782,-0.005780346820809248,0.029940119760479042
Thiruvannamalai,Banana - Green,2026-06-15,1800.0,False,False,8.0,2026.0,6.0,0.0,25.0,2.0,1800.0,1800.0,1800.0,1800.0,1800.0,1775.0,1796.4285714285713,1798.3333333333333,9.44911182523066,6.34270329256156,1.0,1.2246467991473532e-16,-1.0,0.0,1.0,0.0,0.0,0.014084507042253521
Salem,Coconut,2026-06-15,4750.0,False,False,13.0,2026.0,6.0,0.0,25.0,2.0,4750.0,4750.0,4750.0,4750.0,4750.0,4750.0,4750.0,4775.0,0.00013400849246001932,76.28214415759592,1.0,1.2246467991473532e-16,-1.0,0.0,1.0,0.0,0.0,0.0
Salem,Green Chilli,2026-06-15,4700.0,False,False,13.0,2026.0,6.0,0.0,25.0,2.0,4750.0,4700.0,4700.0,4750.0,4700.0,3800.0,4692.857142857143,4651.666666666667,67.25927091346666,182.64499829528285,1.0,1.2246467991473532e-16,-1.0,0.0,1.0,-0.010526315789473684,0.0,0.23684210526315788
Thirupur,Tomato,2026-06-15,3575.0,False,False,2.0,2026.0,6.0,0.0,25.0,2.0,,4250.0,3750.0,3525.0,,,4250.0,3838.4615384615386,408.2482904638629,374.11219693756914,3.0,1.2246467991473532e-16,-1.0,0.0,1.0,,-0.04666666666666667,
Salem,Mint(Pudina),2026-06-15,3500.0,False,False,13.0,2026.0,6.0,0.0,25.0,2.0,3750.0,3750.0,3250.0,3000.0,2750.0,2750.0,3478.5714285714284,3010.0,256.3479777846541,312.7740177938355,1.0,1.2246467991473532e-16,-1.0,0.0,1.0,-0.06666666666666667,0.07692307692307693,0.2727272727272727
Salem,Onion,2026-06-15,3200.0,False,False,13.0,2026.0,6.0,0.0,25.0,2.0,3200.0,3200.0,3200.0,2750.0,2750.0,2750.0,3200.0,2913.3333333333335,0.0,210.47292123866217,1.0,1.2246467991473532e-16,-1.0,0.0,1.0,0.0,0.0,0.16363636363636364
Dharmapuri,Bhindi(Ladies Finger),2026-06-15,1675.0,False,False,6.0,2026.0,6.0,0.0,25.0,2.0,1675.0,1900.0,1625.0,1650.0,2125.0,2450.0,1732.142857142857,1985.8333333333333,98.6516236923513,274.15098826707873,1.0,1.2246467991473532e-16,-1.0,0.0,1.0,0.0,0.03076923076923077,-0.3163265306122449
Dharmapuri,Coconut,2026-06-15,5600.0,False,False,6.0,2026.0,6.0,0.0,25.0,2.0,5600.0,5850.0,5600.0,6075.0,5625.0,6625.0,5650.0,5880.0,95.74271077563176,322.86433576717957,1.0,1.2246467991473532e-16,-1.0,0.0,1.0,0.0,0.0,-0.15471698113207547
Thirupur,Pumpkin,2026-06-15,1750.0,False,False,5.0,2026.0,6.0,0.0,25.0,2.0,1750.0,1800.0,1750.0,1750.0,1750.0,1750.0,1757.142857142857,1751.6666666666667,18.898223650461368,9.128709291752761,1.0,1.2246467991473532e-16,-1.0,0.0,1.0,0.0,0.0,0.0
Ranipet,Green Chilli,2026-06-15,5500.0,False,False,2.0,2026.0,6.0,0.0,25.0,2.0,5500.0,5750.0,4750.0,4000.0,4250.0,3625.0,5428.571428571428,4470.833333333333,345.03277967117714,671.6899471165847,1.0,1.2246467991473532e-16,-1.0,0.0,1.0,0.0,0.15789473684210525,0.5172413793103449
Ranipet,Coconut,2026-06-15,4500.0,False,False,2.0,2026.0,6.0,0.0,25.0,2.0,4500.0,4500.0,4500.0,4500.0,4250.0,4500.0,4500.0,4425.0,7.881143624695543e-05,116.52289992488346,1.0,1.2246467991473532e-16,-1.0,0.0,1.0,0.0,0.0,0.0
Ramanathapuram,Bitter Gourd,2026-06-15,6250.0,False,False,1.0,2026.0,6.0,0.0,25.0,2.0,5750.0,5250.0,5750.0,5750.0,5750.0,5750.0,5607.142857142857,5690.833333333333,243.97501823713313,206.41472871346062,1.0,1.2246467991473532e-16,-1.0,0.0,1.0,0.08695652173913043,0.08695652173913043,0.08695652173913043
Ramanathapuram,Cabbage,2026-06-15,4075.0,False,False,2.0,2026.0,6.0,0.0,25.0,2.0,4075.0,4000.0,4075.0,4225.0,4075.0,4075.0,3982.1428571428573,4073.3333333333335,214.4344721753978,192.97281090129752,1.0,1.2246467991473532e-16,-1.0,0.0,1.0,0.0,0.0,0.0
Dharmapuri,Onion,2026-06-15,2900.0,False,False,6.0,2026.0,6.0,0.0,25.0,2.0,2900.0,2900.0,2750.0,2425.0,2250.0,2400.0,2810.714285714286,2518.3333333333335,65.91841999954464,234.23880142277108,1.0,1.2246467991473532e-16,-1.0,0.0,1.0,0.0,0.05454545454545454,0.20833333333333334
Thiruvarur,Banana - Green,2026-06-15,4000.0,False,False,7.0,2026.0,6.0,0.0,25.0,2.0,4000.0,4000.0,4000.0,4000.0,4000.0,4000.0,4000.0,4000.0,0.0,0.0,1.0,1.2246467991473532e-16,-1.0,0.0,1.0,0.0,0.0,0.0
Ramanathapuram,Coconut,2026-06-15,5425.0,False,False,2.0,2026.0,6.0,0.0,25.0,2.0,5750.0,5500.0,5825.0,5825.0,5750.0,6000.0,5778.571428571428,5805.833333333333,148.20352800893986,133.04836645416555,1.0,1.2246467991473532e-16,-1.0,0.0,1.0,-0.05652173913043478,-0.06866952789699571,-0.09583333333333334
Thiruvannamalai,Tomato,2026-06-15,3650.0,False,False,5.0,2026.0,6.0,0.0,25.0,2.0,3675.0,4250.0,4400.0,3500.0,3700.0,3450.0,4185.714285714285,3782.5,331.6176082406341,312.3982593001787,1.0,1.2246467991473532e-16,-1.0,0.0,1.0,-0.006802721088435374,-0.17045454545454544,0.057971014492753624
Ramanathapuram,Green Chilli,2026-06-15,5750.0,False,False,3.0,2026.0,6.0,0.0,25.0,2.0,6000.0,6000.0,5750.0,5750.0,6000.0,5875.0,5857.142857142857,5929.166666666667,133.6306209561433,445.2858116120232,1.0,1.2246467991473532e-16,-1.0,0.0,1.0,-0.041666666666666664,0.0,-0.02127659574468085
Ramanathapuram,Mint(Pudina),2026-06-15,7500.0,False,False,2.0,2026.0,6.0,0.0,25.0,2.0,7500.0,6875.0,7250.0,6375.0,7125.0,7125.0,7250.0,6833.333333333333,216.50635094610476,411.75263191029234,1.0,1.2246467991473532e-16,-1.0,0.0,1.0,0.0,0.034482758620689655,0.05263157894736842
Thiruvannamalai,Pumpkin,2026-06-15,2250.0,False,False,7.0,2026.0,6.0,0.0,25.0,2.0,2250.0,2250.0,1800.0,2025.0,1750.0,2250.0,2089.285714285714,1981.6666666666667,214.01768952255216,211.6166562333917,1.0,1.2246467991473532e-16,-1.0,0.0,1.0,0.0,0.25,0.0
Ramanathapuram,Onion,2026-06-15,4250.0,False,False,2.0,2026.0,6.0,0.0,25.0,2.0,3750.0,4000.0,4075.0,4050.0,4000.0,4075.0,3925.0,3983.3333333333335,219.84843263788966,146.70715219704803,1.0,1.2246467991473532e-16,-1.0,0.0,1.0,0.13333333333333333,0.04294478527607362,0.04294478527607362
Dharmapuri,Mint(Pudina),2026-06-15,6125.0,False,False,6.0,2026.0,6.0,0.0,25.0,2.0,6125.0,6025.0,6125.0,6125.0,5750.0,6150.0,6057.142857142857,5926.666666666667,140.4711459949777,190.04687866925195,1.0,1.2246467991473532e-16,-1.0,0.0,1.0,0.0,0.0,-0.0040650406504065045
Thiruvannamalai,Onion,2026-06-15,2750.0,False,False,7.0,2026.0,6.0,0.0,25.0,2.0,2250.0,2500.0,2750.0,2250.0,2250.0,2250.0,2571.4285714285716,2375.0,237.79743280283512,215.25846533076262,1.0,1.2246467991473532e-16,-1.0,0.0,1.0,0.2222222222222222,0.0,0.2222222222222222
Ramanathapuram,Pumpkin,2026-06-15,2175.0,False,False,2.0,2026.0,6.0,0.0,25.0,2.0,2125.0,2000.0,2175.0,2200.0,2225.0,1900.0,2117.8571428571427,2125.8333333333335,68.79057244377933,125.68490522850156,1.0,1.2246467991473532e-16,-1.0,0.0,1.0,0.023529411764705882,0.0,0.14473684210526316
Ramanathapuram,Tomato,2026-06-15,4750.0,False,False,3.0,2026.0,6.0,0.0,25.0,2.0,4750.0,4750.0,4650.0,4100.0,4500.0,3900.0,4771.428571428572,4454.166666666667,308.02751886958373,337.9759309256647,1.0,1.2246467991473532e-16,-1.0,0.0,1.0,0.0,0.021505376344086023,0.21794871794871795
Ranipet,Banana - Green,2026-06-15,4500.0,False,False,2.0,2026.0,6.0,0.0,25.0,2.0,4500.0,4500.0,4500.0,4500.0,4500.0,4500.0,4500.0,4500.0,0.0,0.0,1.0,1.2246467991473532e-16,-1.0,0.0,1.0,0.0,0.0,0.0
Chengalpattu,Onion,2026-06-15,2750.0,False,False,1.0,2026.0,6.0,0.0,25.0,2.0,2750.0,3000.0,2875.0,2750.0,2250.0,2750.0,2928.5714285714284,2832.5,268.64962134278085,428.1148532651234,1.0,1.2246467991473532e-16,-1.0,0.0,1.0,0.0,-0.043478260869565216,0.0
Ranipet,Bhindi(Ladies Finger),2026-06-15,3525.0,False,False,2.0,2026.0,6.0,0.0,25.0,2.0,3550.0,3000.0,2750.0,2625.0,3750.0,3625.0,3085.714285714286,3303.3333333333335,336.2963545672745,434.29160180953295,1.0,1.2246467991473532e-16,-1.0,0.0,1.0,-0.007042253521126761,0.2818181818181818,-0.027586206896551724
Dharmapuri,Green Chilli,2026-06-15,4625.0,False,False,6.0,2026.0,6.0,0.0,25.0,2.0,4500.0,4750.0,4550.0,4550.0,3950.0,3300.0,4514.285714285715,4185.0,205.57700445794302,389.21893493294954,1.0,1.2246467991473532e-16,-1.0,0.0,1.0,0.027777777777777776,0.016483516483516484,0.4015151515151515
Thiruvannamalai,Mint(Pudina),2026-06-15,4125.0,False,False,8.0,2026.0,6.0,0.0,25.0,2.0,4100.0,4100.0,3750.0,3750.0,3750.0,3650.0,3867.8571428571427,3777.5,165.0216436021112,153.45868813956116,1.0,1.2246467991473532e-16,-1.0,0.0,1.0,0.006097560975609756,0.1,0.13013698630136986
Ranipet,Cabbage,2026-06-15,5000.0,False,False,2.0,2026.0,6.0,0.0,25.0,2.0,5000.0,4500.0,4500.0,4000.0,3000.0,3000.0,4607.142857142857,3625.0,196.6989481173513,699.4455932601459,1.0,1.2246467991473532e-16,-1.0,0.0,1.0,0.0,0.1111111111111111,0.6666666666666666
Chengalpattu,Pumpkin,2026-06-15,2250.0,False,False,1.0,2026.0,6.0,0.0,25.0,2.0,2250.0,2250.0,1750.0,1750.0,1750.0,1750.0,2050.0,1837.5,273.8612787525831,200.6781979449556,1.0,1.2246467991473532e-16,-1.0,0.0,1.0,0.0,0.2857142857142857,0.2857142857142857
Thiruvannamalai,Green Chilli,2026-06-15,4950.0,False,False,8.0,2026.0,6.0,0.0,25.0,2.0,4400.0,4950.0,5500.0,4500.0,3875.0,3850.0,4985.714285714285,4389.166666666667,495.57566334035454,558.8119838848796,1.0,1.2246467991473532e-16,-1.0,0.0,1.0,0.125,-0.1,0.2857142857142857
Virudhunagar,Tomato,2026-06-15,3750.0,False,False,8.0,2026.0,6.0,0.0,25.0,2.0,4200.0,4500.0,4750.0,3750.0,3750.0,3250.0,4421.428571428572,3872.5,342.30486272856194,382.33346611347287,1.0,1.2246467991473532e-16,-1.0,0.0,1.0,-0.10714285714285714,-0.21052631578947367,0.15384615384615385
